model,strategy,calibration,AUC_mean,Brier_mean,BSS_mean,ECE_mean,Cal_slope_mean,Cal_intercept_mean,Mean_pred_mean,Sens_t05_mean,Sens_tprev_mean,Spec_tprev_mean
LR,NONE,UNCAL,0.6595,0.1693,0.0593,0.008,0.8986,-0.0006,0.2355,0.0663,0.6019,0.6268
LR,NONE,PRIOR,0.6595,0.1693,0.0593,0.008,0.8986,-0.0006,0.2355,0.0663,0.6019,0.6268
LR,NONE,PLATT,0.6595,0.1692,0.0599,0.0042,0.9824,0.0002,0.2354,0.0505,0.6063,0.6223
LR,NONE,ISO,0.6589,0.1694,0.0591,0.0063,0.9319,0.0001,0.2354,0.0604,0.6158,0.6077
LR,CSL,UNCAL,0.6597,0.2294,-0.2743,0.2397,0.8877,-1.1789,0.4752,0.6018,0.9825,0.0638
LR,CSL,PRIOR,0.6597,0.1694,0.0589,0.0081,0.8879,-0.001,0.2356,0.0686,0.6018,0.6275
LR,CSL,PLATT,0.6597,0.1692,0.0598,0.0044,0.9838,0.0,0.2354,0.0497,0.6067,0.6228
LR,CSL,ISO,0.6591,0.1693,0.0592,0.0063,0.9375,0.0006,0.2353,0.0547,0.6296,0.5974
LR,ROS,UNCAL,0.6583,0.2295,-0.2751,0.2393,0.8744,-1.1778,0.4747,0.5985,0.9826,0.065
LR,ROS,PRIOR,0.6583,0.1696,0.0576,0.0088,0.8748,0.0001,0.2354,0.0678,0.5985,0.6273
LR,ROS,PLATT,0.6583,0.1695,0.0586,0.0045,0.9779,0.0002,0.2354,0.0482,0.6048,0.6211
LR,ROS,ISO,0.6575,0.1696,0.0576,0.0066,0.9215,-0.0001,0.2355,0.0474,0.6077,0.6172
LR,RUS,UNCAL,0.6568,0.2312,-0.2846,0.2416,0.844,-1.1934,0.477,0.6038,0.9807,0.0677
LR,RUS,PRIOR,0.6568,0.17,0.0558,0.0117,0.8443,-0.0155,0.238,0.0758,0.6038,0.6176
LR,RUS,PLATT,0.6568,0.1696,0.0577,0.0051,0.9892,0.0004,0.2354,0.0461,0.6035,0.6184
LR,RUS,ISO,0.656,0.1697,0.057,0.0064,0.9323,0.0006,0.2353,0.0502,0.6349,0.5857
LR,SMOTE,UNCAL,0.647,0.2311,-0.2836,0.2346,0.7438,-1.1749,0.47,0.5938,0.9675,0.0971
LR,SMOTE,PRIOR,0.647,0.1715,0.0474,0.0221,0.7442,0.003,0.235,0.0771,0.5938,0.6164
LR,SMOTE,PLATT,0.647,0.1707,0.0518,0.0052,0.9819,0.0008,0.2353,0.0341,0.61,0.5993
LR,SMOTE,ISO,0.646,0.1709,0.0506,0.0074,0.9218,0.0007,0.2353,0.0443,0.601,0.603
RF,NONE,UNCAL,0.6588,0.1699,0.0563,0.0183,1.3686,-0.0094,0.2371,0.0092,0.6292,0.5974
RF,NONE,PRIOR,0.6588,0.1699,0.0563,0.0183,1.3686,-0.0094,0.2371,0.0092,0.6292,0.5974
RF,NONE,PLATT,0.6588,0.1692,0.0603,0.0051,1.007,-0.0021,0.2358,0.0446,0.6065,0.6193
RF,NONE,ISO,0.658,0.1694,0.0589,0.0078,0.9579,-0.0032,0.236,0.0585,0.5803,0.6452
RF,CSL,UNCAL,0.6597,0.1908,-0.0597,0.1465,1.373,-0.7238,0.3819,0.2301,0.9816,0.0662
RF,CSL,PRIOR,0.6597,0.1759,0.0225,0.07,1.3733,0.4541,0.1654,0.0009,0.2301,0.907
RF,CSL,PLATT,0.6597,0.1692,0.0602,0.0055,0.9927,-0.0023,0.2358,0.052,0.6025,0.6236
RF,CSL,ISO,0.6585,0.1695,0.0586,0.0086,0.9319,-0.0018,0.2357,0.0439,0.6293,0.5964
RF,ROS,UNCAL,0.663,0.2021,-0.1229,0.1823,1.3994,-0.8802,0.4178,0.3529,0.993,0.0307
RF,ROS,PRIOR,0.663,0.1725,0.0416,0.0492,1.4017,0.2976,0.1875,0.002,0.3529,0.8349
RF,ROS,PLATT,0.663,0.1686,0.0632,0.0059,1.01,-0.0024,0.2358,0.0528,0.6116,0.6217
RF,ROS,ISO,0.6622,0.1689,0.0617,0.0068,0.9501,-0.0023,0.2358,0.0594,0.6169,0.6162
RF,RUS,UNCAL,0.6587,0.232,-0.2888,0.2497,1.4426,-1.1593,0.4851,0.6028,0.9998,0.0031
RF,RUS,PRIOR,0.6587,0.1703,0.0537,0.0214,1.4431,0.0185,0.2322,0.0049,0.6028,0.6284
RF,RUS,PLATT,0.6587,0.1694,0.0589,0.0058,1.003,-0.0023,0.2358,0.0443,0.6053,0.6252
RF,RUS,ISO,0.6581,0.1697,0.0572,0.0076,0.9347,-0.0022,0.2358,0.0386,0.6178,0.6137
RF,SMOTE,UNCAL,0.651,0.1754,0.0254,0.0699,1.4012,-0.365,0.3049,0.0451,0.8961,0.2344
RF,SMOTE,PRIOR,0.651,0.1861,-0.034,0.1133,1.4019,0.8128,0.1222,0.0006,0.0451,0.9881
RF,SMOTE,PLATT,0.651,0.1703,0.0538,0.005,1.0041,-0.0031,0.236,0.0355,0.6077,0.6114
RF,SMOTE,ISO,0.6499,0.1706,0.0524,0.0077,0.9337,-0.0033,0.236,0.0364,0.5846,0.6299
HGB,NONE,UNCAL,0.6734,0.1671,0.072,0.0061,1.0115,0.0025,0.235,0.0704,0.6157,0.6314
HGB,NONE,PRIOR,0.6734,0.1671,0.072,0.0061,1.0115,0.0025,0.235,0.0704,0.6157,0.6314
HGB,NONE,PLATT,0.6734,0.1671,0.0719,0.0055,0.9849,-0.0014,0.2357,0.076,0.6158,0.6304
HGB,NONE,ISO,0.6725,0.1674,0.0703,0.0083,0.9163,-0.0012,0.2356,0.0731,0.6264,0.6148
HGB,CSL,UNCAL,0.6733,0.2206,-0.2258,0.2262,1.0083,-1.1158,0.4616,0.6021,0.9787,0.0867
HGB,CSL,PRIOR,0.6733,0.1673,0.0704,0.0106,1.0084,0.0621,0.2252,0.0458,0.6021,0.6476
HGB,CSL,PLATT,0.6733,0.1672,0.0711,0.0058,0.9882,-0.0018,0.2357,0.0593,0.6383,0.6094
HGB,CSL,ISO,0.6725,0.1675,0.0695,0.0076,0.9204,-0.0024,0.2358,0.0677,0.6055,0.6415
HGB,ROS,UNCAL,0.6699,0.2125,-0.1802,0.2021,0.8601,-1.0318,0.4375,0.5459,0.9539,0.1485
HGB,ROS,PRIOR,0.6699,0.1683,0.0652,0.0242,0.8604,0.1461,0.2122,0.0552,0.5459,0.6896
HGB,ROS,PLATT,0.6699,0.1677,0.0683,0.0049,0.9937,-0.0013,0.2356,0.0524,0.6402,0.6054
HGB,ROS,ISO,0.6693,0.1679,0.0672,0.0062,0.9164,-0.0009,0.2356,0.0776,0.6398,0.6027
HGB,RUS,UNCAL,0.6712,0.2276,-0.2641,0.2414,1.0373,-1.1754,0.4768,0.6254,0.9885,0.0536
HGB,RUS,PRIOR,0.6712,0.1676,0.0691,0.0047,1.0373,0.0025,0.235,0.0535,0.6254,0.6195
HGB,RUS,PLATT,0.6712,0.1675,0.0693,0.0036,1.0038,-0.0008,0.2356,0.0598,0.6252,0.6192
HGB,RUS,ISO,0.6708,0.1677,0.0685,0.0047,0.9448,-0.0009,0.2356,0.0854,0.6257,0.6183
HGB,SMOTE,UNCAL,0.6708,0.168,0.0669,0.0116,0.9114,-0.032,0.2408,0.0884,0.6325,0.6154
HGB,SMOTE,PRIOR,0.6708,0.1899,-0.0548,0.1401,0.9117,1.1459,0.0954,0.002,0.0884,0.9754
HGB,SMOTE,PLATT,0.6708,0.1678,0.0679,0.0073,0.984,-0.0012,0.2356,0.0673,0.6173,0.6284
HGB,SMOTE,ISO,0.6699,0.1681,0.0664,0.0081,0.9311,-0.0009,0.2356,0.073,0.6415,0.6052
