model,strategy,calibration,Brier,Brier_lo,Brier_hi,ECE,ECE_lo,ECE_hi,AUC,AUC_lo,AUC_hi,dBrier_vsUNCAL,dBrier_vsUNCAL_lo,dBrier_vsUNCAL_hi,dBrier_vsUNCAL_p,dECE_vsUNCAL,dECE_vsUNCAL_lo,dECE_vsUNCAL_hi,dECE_vsUNCAL_p,dBrier_vsBASE,dBrier_vsBASE_lo,dBrier_vsBASE_hi,dBrier_vsBASE_p,dECE_vsBASE,dECE_vsBASE_lo,dECE_vsBASE_hi,dECE_vsBASE_p
LR,NONE,UNCAL,0.16978857809644926,0.16637026108839567,0.17307941584153128,0.009848972515700782,0.0062642600864291536,0.016280880135631528,0.6583120320825239,0.6480899979225128,0.6685517402308294,0.0,0.0,0.0,,0.0,0.0,0.0,,0.0,0.0,0.0,,0.0,0.0,0.0,
LR,NONE,PRIOR,0.16978857809644926,0.16637026108839567,0.17307941584153128,0.009848972515700782,0.0062642600864291536,0.016280880135631528,0.6583120320825239,0.6480899979225128,0.6685517402308294,0.0,0.0,0.0,1.0,0.0,0.0,0.0,1.0,0.0,0.0,0.0,1.0,0.0,0.0,0.0,1.0
LR,NONE,PLATT,0.1695986996366379,0.16615837767841318,0.17286570835013326,0.005765013311247929,0.004324999883724885,0.013588400786292247,0.6583120320825239,0.6480899979225128,0.6685517402308294,-0.0001898784598113601,-0.00034522218343974523,-3.506473524916363e-05,0.018,-0.004083959204452853,-0.0072470371135247395,0.0034784941419980517,0.346,-0.0001898784598113601,-0.00034522218343974523,-3.506473524916363e-05,0.018,-0.004083959204452853,-0.0072470371135247395,0.0034784941419980517,0.346
LR,NONE,ISO,0.16971118302229146,0.16634949660996612,0.17300128221899638,0.007710744051731339,0.005081107304717197,0.014967209847946323,0.6578344041741442,0.6477921460302865,0.6680984799267387,-7.739507415779889e-05,-0.0003037036420286632,0.00015749452762797017,0.442,-0.0021382284639694426,-0.003965969853381867,0.0019230267643674677,0.344,-7.739507415779889e-05,-0.0003037036420286632,0.00015749452762797017,0.442,-0.0021382284639694426,-0.003965969853381867,0.0019230267643674677,0.344
LR,CSL,UNCAL,0.23018793300457624,0.22803471641076753,0.23241054929664098,0.24052148644905352,0.23419922213580266,0.24720291906240627,0.65827507073974,0.6480777917521137,0.6685818787884175,0.0,0.0,0.0,,0.0,0.0,0.0,,0.06039935490812698,0.057069397773791615,0.06369866518216553,0.0,0.23067251393335275,0.22020419514372697,0.23778348013751024,0.0
LR,CSL,PRIOR,0.16991821557731032,0.16652155909727542,0.17321089020248046,0.011027424783147425,0.0066214640840434585,0.017601880157284346,0.65827507073974,0.6480777917521137,0.6685818787884175,-0.06026971742726592,-0.06357490447571744,-0.056939352582742034,0.0,-0.2294940616659061,-0.23746727142560253,-0.2191303405342589,0.0,0.0001296374808610612,4.031933678849617e-05,0.00021578946450833206,0.004,0.001178452267446643,-0.0015518472997679714,0.002934653219624348,0.44
LR,CSL,PLATT,0.1696828933291489,0.16628257845461974,0.1729864167246831,0.004247059392212893,0.0037084909774911415,0.011987486611178357,0.65827507073974,0.6480777917521137,0.6685818787884175,-0.060505039675427336,-0.06388161404236503,-0.057161473630423086,0.0,-0.23627442705684062,-0.24049506820932198,-0.22342788837238037,0.0,-0.00010568476730035692,-0.00028002155053473974,6.289961379742427e-05,0.228,-0.005601913123487888,-0.0078534052224029,0.0028609811800705894,0.248
LR,CSL,ISO,0.16972578346649972,0.16636698819068976,0.17298987782245542,0.006009156277473015,0.003784319982979069,0.01332577048625072,0.6578191456229896,0.6478550552729734,0.6680742637801241,-0.06046214953807652,-0.0638498733047766,-0.057112907005870794,0.0,-0.23451233017158052,-0.23979296553058027,-0.22361667872443866,0.0,-6.279462994954188e-05,-0.0003011980199030713,0.00017629335671295803,0.598,-0.0038398162382277667,-0.005407900757726382,-0.00019374596215706542,0.044
LR,ROS,UNCAL,0.23021944075115983,0.22805783295195037,0.23241392527041058,0.2400593206373191,0.23373922925537524,0.24666655005893903,0.6570459640838385,0.6468184779086582,0.6674366328896084,0.0,0.0,0.0,,0.0,0.0,0.0,,0.060430862654710565,0.057190089817643945,0.06370642699226983,0.0,0.23021034812161834,0.21973304202137178,0.23748652355492547,0.0
LR,ROS,PRIOR,0.17012523165701687,0.1667229669223439,0.17341860875849452,0.009186673704246938,0.006410108903522174,0.01670978390247125,0.6570459640838385,0.6468184779086582,0.6674366328896084,-0.06009420909414295,-0.06340380407562105,-0.0568107277992393,0.0,-0.23087264693307216,-0.23698474162009167,-0.21948330691319443,0.0,0.0003366535605676124,0.0001406024966987385,0.0005334559374693647,0.002,-0.0006622988114538438,-0.002622272103749851,0.003443138298366954,0.844
LR,ROS,PLATT,0.16987142477926975,0.16653157980162667,0.17314784549489876,0.004301136144544219,0.0037032614917829228,0.011845121845818497,0.6570459640838385,0.6468184779086582,0.6674366328896084,-0.06034801597189007,-0.06374614988944828,-0.05699896368794656,0.0,-0.23575818449277489,-0.2399229435312838,-0.22257305284293688,0.0,8.284668282049212e-05,-0.00016742385046580877,0.00033086273653073063,0.564,-0.0055478363711565625,-0.008756015957462676,0.002268868197570977,0.248
LR,ROS,ISO,0.17000780154855347,0.1666286927232627,0.17323690378855966,0.004150286962521117,0.0031580338818759427,0.011950430958997324,0.6561503713567026,0.6459875813211651,0.6664929350404569,-0.06021163920260636,-0.06353732615834136,-0.056863009111196135,0.0,-0.23590903367479799,-0.23966503653128624,-0.2239428356183948,0.0,0.0002192234521042058,-8.782329494612731e-05,0.0005439233470421217,0.17,-0.005698685553179665,-0.00751274213189831,0.00016820170264099222,0.056
LR,RUS,UNCAL,0.2326311797452756,0.23039212797852618,0.23490942804131926,0.24287135340403088,0.23664296749581756,0.24960022412523414,0.654994345130015,0.6448612571026696,0.6654733144948625,0.0,0.0,0.0,,0.0,0.0,0.0,,0.06284260164882635,0.05938110689993077,0.06628264142013965,0.0,0.2330223808883301,0.22251769502886948,0.24012571865328966,0.0
LR,RUS,PRIOR,0.17065287081479702,0.16728174377226895,0.1740348837413596,0.01628919716262597,0.011359747234151814,0.023238676097455765,0.654994345130015,0.6448612571026696,0.6654733144948625,-0.06197830893047859,-0.06531021129717832,-0.058668551082586985,0.0,-0.2265821562414049,-0.23335836056298395,-0.21781263895251246,0.0,0.0008642927183477589,0.0004796048529951948,0.0012884025657217788,0.0,0.006440224646925188,0.0012130851753015994,0.01047896302306491,0.02
LR,RUS,PLATT,0.17005592603959627,0.16663528653425413,0.17341462104105682,0.004675053700267575,0.003994084174378412,0.012438638351275443,0.654994345130015,0.6448612571026696,0.6654733144948625,-0.06257525370567935,-0.0660708819907749,-0.059040619818377924,0.0,-0.2381962997037633,-0.2426920016159524,-0.2257209691887469,0.0,0.00026734794314700605,-0.00014409765131379593,0.0006378310232765652,0.21,-0.005173918815433207,-0.008321438140030012,0.0021511655643672227,0.222
LR,RUS,ISO,0.17015951473379354,0.16670279818953665,0.173498939976228,0.006298411818861075,0.0036783753217911547,0.013761870311569932,0.6546763639754027,0.6444961317599911,0.6651495134198975,-0.062471665011482075,-0.06596041045931039,-0.058969372055806116,0.0,-0.2365729415851698,-0.24255771851159572,-0.2253900460765646,0.0,0.00037093663734427684,-8.434690059549997e-05,0.0007841270456695442,0.114,-0.003550560696839707,-0.006512046081403185,0.001153961014469476,0.154
LR,SMOTE,UNCAL,0.23212396555387044,0.22983814731500554,0.23460634305366457,0.23634448860248883,0.22990713522623818,0.243327355841635,0.645336093583691,0.6351789400583894,0.6553340228399823,0.0,0.0,0.0,,0.0,0.0,0.0,,0.062335387457421176,0.059023997087647224,0.06580443837752542,0.0,0.22649551608678806,0.21578684352049007,0.23388203936520274,0.0
LR,SMOTE,PRIOR,0.17196611731909572,0.16845560503291157,0.17552145017439388,0.021797274329167164,0.017306128111141742,0.029144155890165724,0.645336093583691,0.6351789400583894,0.6553340228399823,-0.06015784823477471,-0.06360669877656301,-0.05678905229847164,0.0,-0.21454721427332166,-0.2213464486674407,-0.20513446680262887,0.0,0.002177539222646463,0.0015831916789815202,0.0027946504083496506,0.0,0.011948301813466383,0.007073297019108739,0.016552705814463355,0.0
LR,SMOTE,PLATT,0.1710305739048323,0.167597898750255,0.17439849004845862,0.0044282198286714385,0.003390166526936039,0.011702993493408325,0.645336093583691,0.6351789400583894,0.6553340228399823,-0.061093391649038126,-0.06470550662080606,-0.05773510799932014,0.0,-0.23191626877381738,-0.2361062812174675,-0.22051551719884907,0.0,0.0012419958083830507,0.0006871593615937269,0.001802528825381164,0.0,-0.005420752687029343,-0.008868522852249698,0.0012704447868289968,0.144
LR,SMOTE,ISO,0.1710483812817896,0.16756120714069744,0.17447639821097394,0.0037041642610889597,0.0032811756340052267,0.011721847200040025,0.6449479015476755,0.6347336936881091,0.6550437087676215,-0.061075584272080846,-0.06472771638331437,-0.0576793625117601,0.0,-0.23264032434139986,-0.2357952001368738,-0.22079352633708874,0.0,0.0012598031853403302,0.0006937338712018022,0.001828305267878276,0.0,-0.006144808254611822,-0.009097333323071178,0.0012412672430603786,0.11
RF,NONE,UNCAL,0.17030987639115833,0.16691872703576466,0.17350925117207983,0.017739756755129264,0.012570439599274298,0.02422530569469096,0.6545692994816794,0.6447040280912669,0.6649662484929384,0.0,0.0,0.0,,0.0,0.0,0.0,,0.0,0.0,0.0,,0.0,0.0,0.0,
RF,NONE,PRIOR,0.17030987639115833,0.16691872703576466,0.17350925117207983,0.017739756755129264,0.012570439599274298,0.02422530569469096,0.6545692994816794,0.6447040280912669,0.6649662484929384,0.0,0.0,0.0,1.0,0.0,0.0,0.0,1.0,0.0,0.0,0.0,1.0,0.0,0.0,0.0,1.0
RF,NONE,PLATT,0.1698304601142402,0.16633751149751744,0.17292343859541068,0.005359163431898551,0.003838357821880939,0.012931365514460353,0.6545692994816794,0.6447040280912669,0.6649662484929384,-0.0004794162769181376,-0.0008569404745046999,-0.00010415832345321641,0.006,-0.012380593323230712,-0.016997964146968077,-0.0022097895504142786,0.02,-0.0004794162769181376,-0.0008569404745046999,-0.00010415832345321641,0.006,-0.012380593323230712,-0.016997964146968077,-0.0022097895504142786,0.02
RF,NONE,ISO,0.17028743745818736,0.16681449069673843,0.17352299974861152,0.00872477603701637,0.005446359870663333,0.01587255718047477,0.6533308888311715,0.6433228120531256,0.6636475678595063,-2.2438932970964e-05,-0.0005162238072493053,0.00045902529641047776,0.982,-0.009014980718112894,-0.016407757322535542,0.001698308741751554,0.096,-2.2438932970964e-05,-0.0005162238072493053,0.00045902529641047776,0.982,-0.009014980718112894,-0.016407757322535542,0.001698308741751554,0.096
RF,CSL,UNCAL,0.19163815279978968,0.18983918936067518,0.19336040766800056,0.1468761129612416,0.14059421989428855,0.15350440978733282,0.6536415639015978,0.6436140934105097,0.6634188798475381,0.0,0.0,0.0,,0.0,0.0,0.0,,0.021328276408631358,0.019316447590265767,0.02337617461893489,0.0,0.12913635620611233,0.12113653558579325,0.13637667323170805,0.0
RF,CSL,PRIOR,0.1763867509789813,0.17205972474237238,0.1804911684989828,0.06968953004603329,0.06340359435636832,0.07620663301756705,0.6536415639015978,0.6436140934105097,0.6634188798475381,-0.015251401820808391,-0.018344803431503836,-0.012353603456876997,0.0,-0.0771865829152083,-0.09029594374581594,-0.06445273753368178,0.0,0.006076874587822967,0.0049040853529969935,0.007152350637556919,0.0,0.05194977329090403,0.04077582511383582,0.06043585031732078,0.0
RF,CSL,PLATT,0.1701039121483635,0.1666825396288901,0.17322840089747849,0.008089446689087513,0.0046086574159866665,0.014352898735940256,0.6536415639015978,0.6436140934105097,0.6634188798475381,-0.021534240651426173,-0.02342856683559487,-0.019646632911881096,0.0,-0.13878666627215408,-0.14601264608487396,-0.128342200389162,0.0,-0.00020596424279481496,-0.0007322776872519948,0.0003360587627078449,0.498,-0.00965031006604175,-0.018369641111816902,0.0009586771761012479,0.072
RF,CSL,ISO,0.17040841801100498,0.1669748433417789,0.1735687652947332,0.009451562129648447,0.006471744894730272,0.016702971869211936,0.6528910939029651,0.6428229074139491,0.6627809172416019,-0.021229734788784704,-0.023187843682525834,-0.01936041375936638,0.0,-0.13742455083159313,-0.14323011087653462,-0.12683772714708652,0.0,9.854161984665377e-05,-0.0004967099932739278,0.0006987936622880615,0.712,-0.008288194625480817,-0.015973663593972832,0.0028174258262513466,0.162
RF,ROS,UNCAL,0.2026399741245335,0.2010728286351506,0.20413739474787262,0.18262586899742805,0.176370330939687,0.18932693487105579,0.6600023230605481,0.6505262366924395,0.67039712024797,0.0,0.0,0.0,,0.0,0.0,0.0,,0.03233009773337517,0.02990543712798933,0.03479868910926687,0.0,0.1648861122422988,0.15683231202143036,0.17210308365667018,0.0
RF,ROS,PRIOR,0.17282641158458004,0.16878016872096765,0.1765872036796619,0.05037860953410912,0.04370029627825095,0.0565371353163977,0.6600023230605481,0.6505262366924395,0.67039712024797,-0.02981356253995346,-0.033064862335407855,-0.026732723272829797,0.0,-0.13224725946331894,-0.14551689322371805,-0.11974215487960652,0.0,0.0025165351934217095,0.0016980988930148523,0.0032693705327564533,0.0,0.03263885277897986,0.021538723548152994,0.04077787202895764,0.0
RF,ROS,PLATT,0.16925107829349648,0.1659317784460364,0.17242192825706235,0.006285807535617694,0.004349907992561113,0.013418878515263468,0.6600023230605481,0.6505262366924395,0.67039712024797,-0.03338889583103702,-0.03579194395801111,-0.03114783784116528,0.0,-0.17634006146181036,-0.1817628881440827,-0.16427124857702505,0.0,-0.0010587980976618505,-0.001577883498543471,-0.0004998997487881927,0.0,-0.01145394921951157,-0.01800034302742764,-0.0009038788298245497,0.028
RF,ROS,ISO,0.1695184264137567,0.1661099536978242,0.17267697052510264,0.008815522496034175,0.00456648275078733,0.015143040398168361,0.6592828304671154,0.6498863445869679,0.6697510303686965,-0.0331215477107768,-0.03553231123931851,-0.030816753309328926,0.0,-0.17381034650139388,-0.18155609820833157,-0.16350778544697067,0.0,-0.0007914499774016315,-0.0013904216585838881,-0.0001457588061111141,0.008,-0.008924234259095089,-0.01826397121210407,0.0013186331809438314,0.108
RF,RUS,UNCAL,0.23253394968952498,0.23112808507222912,0.23394980346018837,0.24983341969716338,0.2433924491919822,0.2565344062762975,0.6548763508910483,0.6451160131823425,0.6650202706556505,0.0,0.0,0.0,,0.0,0.0,0.0,,0.062224073298366656,0.058964504499309546,0.06566008389915037,0.0,0.23209366294203412,0.22395593793250404,0.23933370054644565,0.0
RF,RUS,PRIOR,0.17068455869379998,0.16724506564946445,0.17389333899054701,0.01879040047230178,0.013277014669760823,0.025135406326062152,0.6548763508910483,0.6451160131823425,0.6650202706556505,-0.06184939099572501,-0.06530093831173575,-0.05848670670038036,0.0,-0.2310430192248616,-0.24098993682635872,-0.22051788050816618,0.0,0.00037468230264164903,-8.162815267233337e-06,0.000745946170977115,0.056,0.0010506437171725162,-0.006080357604260421,0.0075609394637026536,0.822
RF,RUS,PLATT,0.1700640763498669,0.16661230908081281,0.17314949230200266,0.006841719800188267,0.004411271923609368,0.013737983713757422,0.6548763508910483,0.6451160131823425,0.6650202706556505,-0.06246987333965809,-0.06583673261798145,-0.05927656598961934,0.0,-0.2429916998969751,-0.24904919518924945,-0.23190145938019643,0.0,-0.00024580004129143296,-0.0008212144572171045,0.0003201715678852239,0.438,-0.010898036954940998,-0.01800316385630943,0.00019245830647209359,0.054
RF,RUS,ISO,0.17049175416865686,0.16697460451395116,0.17369200223779113,0.010100378700089186,0.006568909600744466,0.016800841531550863,0.6544459970689478,0.644636341469728,0.6645157809834263,-0.06204219552086812,-0.06536454286435865,-0.05882742773038882,0.0,-0.2397330409970742,-0.24743883282269513,-0.22818004616332646,0.0,0.00018187777749853473,-0.00046723129804139216,0.0008198331773185973,0.512,-0.007639378055040077,-0.015799162528735543,0.0026408174843832234,0.15
RF,SMOTE,UNCAL,0.1758454655374349,0.17327475125926212,0.17832886394885616,0.06944328563724073,0.06330378418833378,0.07621998712799578,0.6470842064397745,0.6367376583582843,0.6569694579608149,0.0,0.0,0.0,,0.0,0.0,0.0,,0.005535589146276582,0.004580791688491906,0.006520196456542641,0.0,0.051703528882111466,0.04395533302609779,0.05900226734236236,0.0
RF,SMOTE,PRIOR,0.18632275188460728,0.18138432848104397,0.1909640557369442,0.11320096447464993,0.10665175227145517,0.11944679131669562,0.6470842064397745,0.6367376583582843,0.6569694579608149,0.010477286347172377,0.007851502632370751,0.0129684401319478,0.0,0.043757678837409206,0.03042012149517359,0.05635154356297025,0.0,0.016012875493448958,0.014132735955595804,0.017808152372130744,0.0,0.09546120771952067,0.08417862965786338,0.10384875086973527,0.0
RF,SMOTE,PLATT,0.1708743827504956,0.16738005952237484,0.1741540367100704,0.002972417402906791,0.0033311961384463983,0.011436877245791151,0.6470842064397745,0.6367376583582843,0.6569694579608149,-0.004971082786939307,-0.0058868019529462415,-0.00410563452485445,0.0,-0.06647086823433393,-0.06920568937635292,-0.053571174727077016,0.0,0.0005645063593372746,-4.8316630841120637e-05,0.00115668632022781,0.082,-0.014767339352222473,-0.018062009893222864,-0.0037744074159436532,0.01
RF,SMOTE,ISO,0.1712628330231703,0.16781574805902616,0.17452134204278613,0.008964073364059756,0.005276294623039982,0.015528773539300513,0.6453069671837338,0.6351156535289013,0.6553585572116576,-0.004582632514264606,-0.005540397353191165,-0.0037229379786965014,0.0,-0.06047921227318097,-0.06727073492413485,-0.050003163480040955,0.0,0.0009529566320119753,0.0002984865390793977,0.0015861568014871991,0.01,-0.008775683391069508,-0.016792174191984706,0.0011606509039577646,0.094
HGB,NONE,UNCAL,0.16761626481863465,0.1641655451381331,0.17083922424201697,0.006727218951935188,0.004226502134635905,0.014497011698913369,0.6728249219345883,0.6628860593274682,0.6825596405729093,0.0,0.0,0.0,,0.0,0.0,0.0,,0.0,0.0,0.0,,0.0,0.0,0.0,
HGB,NONE,PRIOR,0.16761626481863465,0.1641655451381331,0.17083922424201697,0.006727218951935188,0.004226502134635905,0.014497011698913369,0.6728249219345883,0.6628860593274682,0.6825596405729093,0.0,0.0,0.0,1.0,0.0,0.0,0.0,1.0,0.0,0.0,0.0,1.0,0.0,0.0,0.0,1.0
HGB,NONE,PLATT,0.167646723200711,0.16416229052813933,0.1708635809459171,0.006916255986714869,0.004868151283568914,0.014561480783660768,0.6728249219345883,0.6628860593274682,0.6825596405729093,3.0458382076353763e-05,-3.217336292586151e-05,9.375326124133954e-05,0.328,0.00018903703477968128,-0.0027561097527967686,0.004062125746945079,0.88,3.0458382076353763e-05,-3.217336292586151e-05,9.375326124133954e-05,0.328,0.00018903703477968128,-0.0027561097527967686,0.004062125746945079,0.88
HGB,NONE,ISO,0.16804720315219684,0.16451934019524958,0.1712852429477858,0.00832952906174946,0.005889358475262266,0.015161155997379088,0.671718686769563,0.6618548093427661,0.6814175097892479,0.00043093833356219746,0.0002011614465017325,0.0006656803979591133,0.0,0.0016023101098142723,-0.003030192389075232,0.005923033611763796,0.582,0.00043093833356219746,0.0002011614465017325,0.0006656803979591133,0.0,0.0016023101098142723,-0.003030192389075232,0.005923033611763796,0.582
HGB,CSL,UNCAL,0.22130546184828623,0.21921624114899846,0.2233737896231399,0.22647874591127534,0.21991980657972318,0.2331470911522126,0.6717261887273194,0.661997060316357,0.6814392409296031,0.0,0.0,0.0,,0.0,0.0,0.0,,0.05368919702965158,0.05056502043745054,0.05698667230680906,0.0,0.21975152695934017,0.20905346466570776,0.22545915978958497,0.0
HGB,CSL,PRIOR,0.1678837498318882,0.16436739857372742,0.17118409602351498,0.010669633975115434,0.0062590714471784745,0.017214953566931812,0.6717261887273194,0.661997060316357,0.6814392409296031,-0.05342171201639803,-0.05679124837132006,-0.050161489884715575,0.0,-0.2158091119361599,-0.22645479205875127,-0.20291834693320093,0.0,0.0002674850132535489,-0.0001359898713593287,0.0006831512303839694,0.232,0.003942415023180246,-0.004645193389077221,0.00877243118470743,0.47
HGB,CSL,PLATT,0.16779283748851967,0.1643693977278217,0.17102237612238627,0.004833762642644969,0.0033563694412419454,0.012259584577537319,0.6717261887273194,0.661997060316357,0.6814392409296031,-0.05351262435976656,-0.05669491431054514,-0.05043122792672775,0.0,-0.22164498326863039,-0.22564176935045058,-0.2102226906798911,0.0,0.0001765726698850223,-0.00024057065325712028,0.0005929568841951948,0.4,-0.0018934563092902193,-0.007831218125459094,0.004686388538304122,0.61
HGB,CSL,ISO,0.16826142280375006,0.16479125355156757,0.1714543305817176,0.007521305565226548,0.005251919397409479,0.01451595821886533,0.6707229242983906,0.6611483650697167,0.6804505591379356,-0.05304403904453617,-0.05630012489115365,-0.04995431656002038,0.0,-0.2189574403460488,-0.2242157372988566,-0.20839123084511194,0.0,0.0006451579851154132,0.00019347430053787628,0.0010934073325468618,0.01,0.0007940866132913598,-0.004674368160229045,0.005349921306896549,0.862
HGB,ROS,UNCAL,0.21224533675098198,0.20993283560622064,0.21440062176026292,0.2009333066752352,0.19471281979840932,0.20760831327026494,0.6687772435652594,0.6593717703379303,0.6790176724516942,0.0,0.0,0.0,,0.0,0.0,0.0,,0.04462907193234733,0.04180231096690243,0.04777973258892022,0.0,0.19420608772330003,0.1831656322045634,0.1999528304070848,0.0
HGB,ROS,PRIOR,0.16856029220782334,0.16463247555116872,0.17186091564245815,0.025334519371411953,0.019490718688917972,0.031810788384339976,0.6687772435652594,0.6593717703379303,0.6790176724516942,-0.043685044543158635,-0.04704076268180408,-0.04063441258119868,0.0,-0.17559878730382325,-0.18812206229284828,-0.16316406899898137,0.0,0.0009440273891886952,0.00021801796461730152,0.0016087213898906241,0.012,0.018607300419476766,0.008201044639703902,0.023384350507521395,0.0
HGB,ROS,PLATT,0.16792153457333348,0.1643993107509775,0.17100048896376221,0.003909566545340485,0.003267645808358938,0.011734953806485532,0.6687772435652594,0.6593717703379303,0.6790176724516942,-0.0443238021776485,-0.04741326831494187,-0.04152514696542917,0.0,-0.1970237401298947,-0.20009724335473106,-0.18513739273986846,0.0,0.0003052697546988281,-0.000345009180059954,0.0009474073843782806,0.384,-0.0028176524065947027,-0.008392391919252656,0.004365019686189618,0.576
HGB,ROS,ISO,0.16808746926470433,0.16449607225451257,0.17120250096121192,0.006731319101236521,0.0042844515073868815,0.013626043928189065,0.6686979049754629,0.6593297688362671,0.6790717890573159,-0.04415786748627765,-0.04726872262524769,-0.04132145620035432,0.0,-0.19420198757399867,-0.19986809228574515,-0.1836499956647765,0.0,0.00047120444606968404,-0.00019892215367149215,0.0011217521163788449,0.178,4.100149301333386e-06,-0.006738393409308997,0.005070173041411634,0.846
HGB,RUS,UNCAL,0.22884362658270557,0.2268222433531417,0.23095178324654453,0.2427651209753808,0.23652857184867507,0.24937902323270858,0.6678818173306585,0.6573520544610528,0.6773988182895251,0.0,0.0,0.0,,0.0,0.0,0.0,,0.061227361764070926,0.05794312747867004,0.06471550734876023,0.0,0.23603790202344563,0.22517717082911712,0.24160100056954906,0.0
HGB,RUS,PRIOR,0.16822175327653952,0.16478569133225282,0.17140092518722996,0.004830543233736921,0.0036429985619449786,0.012788929997265077,0.6678818173306585,0.6573520544610528,0.6773988182895251,-0.06062187330616606,-0.06406481060764033,-0.0574036246688841,0.0,-0.2379345777416439,-0.24158510569227362,-0.2267768298182281,0.0,0.000605488457904868,4.453199867367544e-05,0.0011489040813843852,0.04,-0.001896675718198267,-0.0074949347075582776,0.0037987557434326835,0.67
HGB,RUS,PLATT,0.16822558473885993,0.16476891106141747,0.17141408790036186,0.0057606240442497885,0.0038293727915881515,0.013622082747082712,0.6678818173306585,0.6573520544610528,0.6773988182895251,-0.060618041843845644,-0.06406832855327856,-0.05739064529937502,0.0,-0.23700449693113101,-0.24204373091725362,-0.2258227937427263,0.0,0.0006093199202252819,4.597856948676746e-05,0.0011590408848678227,0.038,-0.0009665949076853994,-0.007113085674824126,0.004555423064423706,0.826
HGB,RUS,ISO,0.1684805964950371,0.1649569738576187,0.17174730956248832,0.005116732528940274,0.00415239313219176,0.012601862333674795,0.667476045641676,0.6566889499553422,0.6770195538714378,-0.06036303008766847,-0.06377600639806401,-0.057112403142153795,0.0,-0.23764838844644054,-0.24161076596094275,-0.22603505050492326,0.0,0.0008643316764024578,0.00023565561215541445,0.0014574408170873457,0.008,-0.0016104864229949138,-0.0065028860992329815,0.00390177013193628,0.752
HGB,SMOTE,UNCAL,0.16845189024470458,0.1651463637410827,0.17156410239194197,0.012284293418645485,0.007781810444488001,0.0186867545091879,0.6702385583391802,0.660282623731431,0.6802803220169664,0.0,0.0,0.0,,0.0,0.0,0.0,,0.0008356254260699358,0.00017406239254003227,0.0014871726713542456,0.012,0.005557074466710297,-0.0019016360437098612,0.009800121727333038,0.184
HGB,SMOTE,PRIOR,0.19031249489887467,0.18509619340122424,0.19517517012715607,0.1397480465567211,0.13321186512768432,0.1460765603212977,0.6702385583391802,0.660282623731431,0.6802803220169664,0.021860604654170085,0.01950232990885272,0.0240674535629543,0.0,0.12746375313807562,0.11673346000822236,0.13576927168336164,0.0,0.02269623008024002,0.02049333124835665,0.024772187332418403,0.0,0.13302082760478592,0.12197836706421031,0.13762235526295685,0.0
HGB,SMOTE,PLATT,0.16828711124551687,0.1649785076892694,0.1714326206369959,0.009235411145059358,0.005995946378262609,0.016374491850654534,0.6702385583391802,0.660282623731431,0.6802803220169664,-0.0001647789991877091,-0.00032887787622785036,-1.3867797805701425e-05,0.024,-0.003048882273586127,-0.005842045465002393,0.0018319771736425516,0.25,0.0006708464268822267,6.273922357779225e-05,0.0012725585616146172,0.03,0.0025081921931241697,-0.0033588815895565284,0.0070002232201062395,0.494
HGB,SMOTE,ISO,0.16854174871268923,0.1651851036701888,0.17163148723947363,0.005789115915581857,0.004598482000868942,0.013383260064893458,0.6695733423121779,0.6593320212679807,0.6794473483634023,8.985846798464925e-05,-0.00019193005025587502,0.0003616674227558941,0.56,-0.006495177503063628,-0.00949286906482851,0.0012358560251307497,0.134,0.0009254838940545851,0.0002876905195956924,0.0015950682152076772,0.002,-0.000938103036353331,-0.006357262612876961,0.004842035009781608,0.898
