comparison,metric,k,N_blocks,chi2,p_value,CD_nemenyi,rank_CSL,rank_NONE,rank_ROS,rank_RUS,rank_SMOTE,rank_ISO,rank_PLATT,rank_PRIOR,rank_UNCAL
Strategies (uncalibrated),Brier,5,15,45.60000000000002,2.9830653644842347e-09,1.5750115343492992,3.066666666666667,1.0,3.2666666666666666,4.866666666666666,2.8,,,,
Calibration methods (resampled/CSL models),Brier,4,60,144.74,3.591804673871469e-31,0.6055191069560801,,,,,,2.25,1.0333333333333334,2.95,3.7666666666666666
Strategies (after isotonic),Brier,5,15,35.04000000000002,4.5582869321813e-07,1.5750115343492992,2.2,1.7333333333333334,2.7333333333333334,3.533333333333333,4.8,,,,
Strategies (uncalibrated),ECE,5,15,56.5866666666667,1.510533120499752e-11,1.5750115343492992,3.6666666666666665,1.0666666666666667,3.3333333333333335,5.0,1.9333333333333333,,,,
Calibration methods (resampled/CSL models),ECE,4,60,136.70000000000005,1.9450883051567613e-29,0.6055191069560801,,,,,,1.85,1.3166666666666667,3.033333333333333,3.8
Strategies (after isotonic),ECE,5,15,0.5333333333333599,0.9701758952618856,1.5750115343492992,3.2,3.0,2.933333333333333,2.8,3.066666666666667,,,,
Strategies (uncalibrated),LogLoss,5,15,45.60000000000002,2.9830653644842347e-09,1.5750115343492992,3.066666666666667,1.0,3.2666666666666666,4.866666666666666,2.8,,,,
Calibration methods (resampled/CSL models),LogLoss,4,60,137.92000000000007,1.0615037882154473e-29,0.6055191069560801,,,,,,2.433333333333333,1.0333333333333334,2.7666666666666666,3.7666666666666666
Strategies (after isotonic),LogLoss,5,15,20.853333333333353,0.0003385912732595462,1.5750115343492992,2.2666666666666666,2.0,3.0,3.4,4.333333333333333,,,,
