model,strategy,calibration,threshold,n_flagged,pct_flagged,mean_pred,observed_rate
LR,NONE,UNCAL,0.5,506,3.0045721750489878,0.5864304772239207,0.5118577075098815
LR,NONE,UNCAL,0.7,50,0.2968944837004928,0.7571690700172354,0.7
LR,NONE,UNCAL,0.8,5,0.029689448370049283,0.8417210738230765,0.6
LR,NONE,PRIOR,0.5,506,3.0045721750489878,0.5864304772239207,0.5118577075098815
LR,NONE,PRIOR,0.7,50,0.2968944837004928,0.7571690700172354,0.7
LR,NONE,PRIOR,0.8,5,0.029689448370049283,0.8417210738230765,0.6
LR,NONE,PLATT,0.5,355,2.1079508342734994,0.5802411545009017,0.5070422535211268
LR,NONE,PLATT,0.7,29,0.17219880054628586,0.7391117847388877,0.6551724137931034
LR,NONE,PLATT,0.8,2,0.011875779348019715,0.8536744979516789,0.5
LR,NONE,ISO,0.5,329,1.953565702749243,0.5688526279580225,0.5015197568389058
LR,NONE,ISO,0.7,2,0.011875779348019715,1.0,0.5
LR,NONE,ISO,0.8,2,0.011875779348019715,1.0,0.5
LR,CSL,UNCAL,0.5,7179,42.62810996971677,0.6171278195537047,0.3331940381668756
LR,CSL,UNCAL,0.7,1289,7.653939789798706,0.7655993537493424,0.45849495733126455
LR,CSL,UNCAL,0.8,302,1.7932426815509768,0.8485443592989533,0.5
LR,CSL,PRIOR,0.5,520,3.0877026304851256,0.5894094283652792,0.5096153846153846
LR,CSL,PRIOR,0.7,52,0.3087702630485125,0.7620919202386076,0.6730769230769231
LR,CSL,PRIOR,0.8,7,0.041565227718068996,0.8407374921782814,0.7142857142857143
LR,CSL,PLATT,0.5,354,2.102012944599489,0.5824317913368886,0.5056497175141242
LR,CSL,PLATT,0.7,32,0.19001246956831544,0.7408146006304632,0.625
LR,CSL,PLATT,0.8,2,0.011875779348019715,0.8510526764163553,0.5
LR,CSL,ISO,0.5,209,1.2410189418680602,0.5893549670872922,0.5550239234449761
LR,CSL,ISO,0.7,2,0.011875779348019715,0.9044047139090847,0.5
LR,CSL,ISO,0.8,2,0.011875779348019715,0.9044047139090847,0.5
LR,ROS,UNCAL,0.5,7192,42.70530253547889,0.6162725528348016,0.32897664071190214
LR,ROS,UNCAL,0.7,1273,7.558933555014548,0.7656917658088276,0.4587588373919874
LR,ROS,UNCAL,0.8,296,1.7576153435069175,0.8494381261259865,0.5101351351351351
LR,ROS,PRIOR,0.5,533,3.164895196247254,0.5876539475813671,0.49343339587242024
LR,ROS,PRIOR,0.7,61,0.36221127011460125,0.7515130588485993,0.639344262295082
LR,ROS,PRIOR,0.8,8,0.04750311739207886,0.8328223259952631,0.75
LR,ROS,PLATT,0.5,353,2.0960750549254796,0.5803828248613546,0.5042492917847026
LR,ROS,PLATT,0.7,29,0.17219880054628586,0.73855002929081,0.6896551724137931
LR,ROS,PLATT,0.8,2,0.011875779348019715,0.833476844314319,0.5
LR,ROS,ISO,0.5,233,1.3835282940442968,0.6014120586152621,0.5407725321888412
LR,ROS,ISO,0.7,0,0.0,,
LR,ROS,ISO,0.8,0,0.0,,
LR,RUS,UNCAL,0.5,7321,43.471290303426166,0.6241283704277677,0.32399945362655375
LR,RUS,UNCAL,0.7,1493,8.865269283296715,0.7704710131562659,0.44809109176155393
LR,RUS,UNCAL,0.8,393,2.3335906418858734,0.8502072168683804,0.49872773536895676
LR,RUS,PRIOR,0.5,667,3.9605724125645745,0.5923978677624513,0.5007496251874063
LR,RUS,PRIOR,0.7,86,0.5106585119648477,0.7582606970219563,0.5813953488372093
LR,RUS,PRIOR,0.8,16,0.09500623478415772,0.8482893644077777,0.6875
LR,RUS,PLATT,0.5,351,2.08419927557746,0.5804900384753372,0.5042735042735043
LR,RUS,PLATT,0.7,23,0.1365714625022267,0.7543376167187441,0.7391304347826086
LR,RUS,PLATT,0.8,4,0.02375155869603943,0.8472398397637159,0.5
LR,RUS,ISO,0.5,323,1.9179383647051838,0.5571250148475606,0.5170278637770898
LR,RUS,ISO,0.7,38,0.22563980761237454,0.7278478263842022,0.631578947368421
LR,RUS,ISO,0.8,7,0.041565227718068996,0.7999999999999999,0.5714285714285714
LR,SMOTE,UNCAL,0.5,7334,43.54848286918829,0.6226620666692053,0.32001636214889556
LR,SMOTE,UNCAL,0.7,1431,8.497120123508104,0.767811788966721,0.4437456324248777
LR,SMOTE,UNCAL,0.8,346,2.0545098272074105,0.8498061548251291,0.523121387283237
LR,SMOTE,PRIOR,0.5,608,3.6102369217979926,0.5903124159525186,0.5230263157894737
LR,SMOTE,PRIOR,0.7,69,0.4097143875066801,0.7595932385466154,0.5797101449275363
LR,SMOTE,PRIOR,0.8,13,0.07719256576212813,0.8316254660523738,0.6153846153846154
LR,SMOTE,PLATT,0.5,236,1.4013419630663262,0.5693833498598002,0.5296610169491526
LR,SMOTE,PLATT,0.7,5,0.029689448370049283,0.759932895091989,0.6
LR,SMOTE,PLATT,0.8,2,0.011875779348019715,0.8324278095894837,0.5
LR,SMOTE,ISO,0.5,220,1.3063357282821686,0.5859049681653147,0.5363636363636364
LR,SMOTE,ISO,0.7,2,0.011875779348019715,1.0,0.5
LR,SMOTE,ISO,0.8,2,0.011875779348019715,1.0,0.5
RF,NONE,UNCAL,0.5,76,0.4512796152247491,0.5303298160478266,0.6578947368421053
RF,NONE,UNCAL,0.7,0,0.0,,
RF,NONE,UNCAL,0.8,0,0.0,,
RF,NONE,PRIOR,0.5,76,0.4512796152247491,0.5303298160478266,0.6578947368421053
RF,NONE,PRIOR,0.7,0,0.0,,
RF,NONE,PRIOR,0.8,0,0.0,,
RF,NONE,PLATT,0.5,360,2.1376402826435483,0.5574681060290497,0.5305555555555556
RF,NONE,PLATT,0.7,5,0.029689448370049283,0.7457661201501492,0.8
RF,NONE,PLATT,0.8,0,0.0,,
RF,NONE,ISO,0.5,340,2.0188824891633517,0.6139453146279567,0.5264705882352941
RF,NONE,ISO,0.7,35,0.207826138590345,0.7985993035056643,0.7142857142857143
RF,NONE,ISO,0.8,12,0.07125467608811828,0.8917479685581879,0.75
RF,CSL,UNCAL,0.5,2140,12.707083902381095,0.558623727894941,0.41869158878504675
RF,CSL,UNCAL,0.7,27,0.16032302119826614,0.7333086515222358,0.6666666666666666
RF,CSL,UNCAL,0.8,2,0.011875779348019715,0.8324218173815052,0.5
RF,CSL,PRIOR,0.5,5,0.029689448370049283,0.5570157069639068,0.8
RF,CSL,PRIOR,0.7,0,0.0,,
RF,CSL,PRIOR,0.8,0,0.0,,
RF,CSL,PLATT,0.5,386,2.2920254141678047,0.5646406838818698,0.5362694300518135
RF,CSL,PLATT,0.7,8,0.04750311739207886,0.7673412217837053,0.875
RF,CSL,PLATT,0.8,2,0.011875779348019715,0.8401218763923717,0.5
RF,CSL,ISO,0.5,297,1.7635532331809274,0.6035071022570399,0.5555555555555556
RF,CSL,ISO,0.7,33,0.1959503592423253,0.7315159540855352,0.6363636363636364
RF,CSL,ISO,0.8,3,0.01781366902202957,0.9349441961279105,0.6666666666666666
RF,ROS,UNCAL,0.5,3535,20.990439997624843,0.5651859197167415,0.3900990099009901
RF,ROS,UNCAL,0.7,99,0.5878510777269758,0.731574708971644,0.6565656565656566
RF,ROS,UNCAL,0.8,3,0.01781366902202957,0.837040041346107,0.6666666666666666
RF,ROS,PRIOR,0.5,10,0.059378896740098566,0.5524006423901852,0.7
RF,ROS,PRIOR,0.7,0,0.0,,
RF,ROS,PRIOR,0.8,0,0.0,,
RF,ROS,PLATT,0.5,379,2.250460186449736,0.5671801433252048,0.5329815303430079
RF,ROS,PLATT,0.7,10,0.059378896740098566,0.7561673865792082,0.7
RF,ROS,PLATT,0.8,2,0.011875779348019715,0.823981104744629,1.0
RF,ROS,ISO,0.5,183,1.0866338103438038,0.6543603606547332,0.6065573770491803
RF,ROS,ISO,0.7,3,0.01781366902202957,0.9416919528246419,0.6666666666666666
RF,ROS,ISO,0.8,3,0.01781366902202957,0.9416919528246419,0.6666666666666666
RF,RUS,UNCAL,0.5,7220,42.87156344635117,0.5780289936659783,0.3281163434903047
RF,RUS,UNCAL,0.7,298,1.7694911228549375,0.731714068165445,0.5302013422818792
RF,RUS,UNCAL,0.8,5,0.029689448370049283,0.8318150256667689,0.8
RF,RUS,PRIOR,0.5,34,0.20188824891633514,0.5341611167656551,0.5882352941176471
RF,RUS,PRIOR,0.7,0,0.0,,
RF,RUS,PRIOR,0.8,0,0.0,,
RF,RUS,PLATT,0.5,352,2.0901371652514698,0.5576934988715615,0.4971590909090909
RF,RUS,PLATT,0.7,3,0.01781366902202957,0.7937037129810497,0.6666666666666666
RF,RUS,PLATT,0.8,1,0.0059378896740098575,0.810963885646695,0.0
RF,RUS,ISO,0.5,185,1.0985095896918233,0.6574931445743392,0.5405405405405406
RF,RUS,ISO,0.7,20,0.11875779348019713,0.8110235448274329,0.6
RF,RUS,ISO,0.8,10,0.059378896740098566,0.9062923408459778,0.7
RF,SMOTE,UNCAL,0.5,366,2.1732676206876076,0.5458714549860907,0.5136612021857924
RF,SMOTE,UNCAL,0.7,5,0.029689448370049283,0.7536928013732369,0.8
RF,SMOTE,UNCAL,0.8,0,0.0,,
RF,SMOTE,PRIOR,0.5,3,0.01781366902202957,0.5246022063106794,0.6666666666666666
RF,SMOTE,PRIOR,0.7,0,0.0,,
RF,SMOTE,PRIOR,0.8,0,0.0,,
RF,SMOTE,PLATT,0.5,269,1.5972923223086515,0.5623330797221426,0.5055762081784386
RF,SMOTE,PLATT,0.7,8,0.04750311739207886,0.7806915390696976,0.75
RF,SMOTE,PLATT,0.8,3,0.01781366902202957,0.8421080687274114,0.6666666666666666
RF,SMOTE,ISO,0.5,314,1.864497357639095,0.5700100150259481,0.5159235668789809
RF,SMOTE,ISO,0.7,21,0.12469568315420701,0.79647148153117,0.6190476190476191
RF,SMOTE,ISO,0.8,11,0.06531678641410843,0.861500589025825,0.7272727272727273
HGB,NONE,UNCAL,0.5,476,2.826435484828692,0.574010212252495,0.5483193277310925
HGB,NONE,UNCAL,0.7,19,0.11281990380618727,0.7264920843012256,0.7368421052631579
HGB,NONE,UNCAL,0.8,1,0.0059378896740098575,0.8098907358707331,0.0
HGB,NONE,PRIOR,0.5,476,2.826435484828692,0.574010212252495,0.5483193277310925
HGB,NONE,PRIOR,0.7,19,0.11281990380618727,0.7264920843012256,0.7368421052631579
HGB,NONE,PRIOR,0.8,1,0.0059378896740098575,0.8098907358707331,0.0
HGB,NONE,PLATT,0.5,532,3.1589573065732437,0.5795120809743312,0.5338345864661654
HGB,NONE,PLATT,0.7,28,0.16626091087227599,0.732780895000283,0.7142857142857143
HGB,NONE,PLATT,0.8,1,0.0059378896740098575,0.8262385348466673,0.0
HGB,NONE,ISO,0.5,497,2.951131167982899,0.6144295456390036,0.545271629778672
HGB,NONE,ISO,0.7,6,0.03562733804405914,0.8570103396915113,0.6666666666666666
HGB,NONE,ISO,0.8,3,0.01781366902202957,0.9333333333333332,0.3333333333333333
HGB,CSL,UNCAL,0.5,6921,41.096134433822215,0.6082966134196127,0.3424360641525791
HGB,CSL,UNCAL,0.7,1006,5.973517012053916,0.7522058391021011,0.47514910536779326
HGB,CSL,UNCAL,0.8,150,0.8906834511014785,0.82658184875137,0.56
HGB,CSL,PRIOR,0.5,331,1.9654414820972625,0.5569052692651552,0.5709969788519638
HGB,CSL,PRIOR,0.7,5,0.029689448370049283,0.7266230041989216,0.6
HGB,CSL,PRIOR,0.8,0,0.0,,
HGB,CSL,PLATT,0.5,417,2.4760999940621105,0.5620267579342751,0.5515587529976019
HGB,CSL,PLATT,0.7,5,0.029689448370049283,0.7435916503769849,0.6
HGB,CSL,PLATT,0.8,0,0.0,,
HGB,CSL,ISO,0.5,403,2.392969538625972,0.6297739921248955,0.5558312655086849
HGB,CSL,ISO,0.7,61,0.36221127011460125,0.7487029628551761,0.5409836065573771
HGB,CSL,ISO,0.8,8,0.04750311739207886,0.9126889205995465,0.5
HGB,ROS,UNCAL,0.5,6057,35.9657977554777,0.6148751688845786,0.3528149248803038
HGB,ROS,UNCAL,0.7,1026,6.092274805534113,0.7617082205566219,0.5185185185185185
HGB,ROS,UNCAL,0.8,231,1.3716525146962768,0.8348712029307473,0.5887445887445888
HGB,ROS,PRIOR,0.5,414,2.458286325040081,0.5719687987270586,0.5410628019323671
HGB,ROS,PRIOR,0.7,15,0.08906834511014786,0.7401581668024831,0.6666666666666666
HGB,ROS,PRIOR,0.8,1,0.0059378896740098575,0.8025404109002028,1.0
HGB,ROS,PLATT,0.5,384,2.280149634819785,0.560325182328378,0.5546875
HGB,ROS,PLATT,0.7,7,0.041565227718068996,0.7287288253366142,0.42857142857142855
HGB,ROS,PLATT,0.8,0,0.0,,
HGB,ROS,ISO,0.5,464,2.755180808740574,0.5886876553845836,0.5517241379310345
HGB,ROS,ISO,0.7,72,0.4275280565287097,0.7709712189218644,0.6666666666666666
HGB,ROS,ISO,0.8,0,0.0,,
HGB,RUS,UNCAL,0.5,7439,44.17196128495932,0.6112518119416149,0.33257158220190886
HGB,RUS,UNCAL,0.7,1169,6.941393028917522,0.7534411775502621,0.48246364414029086
HGB,RUS,UNCAL,0.8,184,1.0925717000178137,0.8311344585827777,0.5760869565217391
HGB,RUS,PRIOR,0.5,404,2.398907428299982,0.5596937768492065,0.5618811881188119
HGB,RUS,PRIOR,0.7,4,0.02375155869603943,0.7207579716450752,0.5
HGB,RUS,PRIOR,0.8,0,0.0,,
HGB,RUS,PLATT,0.5,406,2.410783207648002,0.5607466903048135,0.5615763546798029
HGB,RUS,PLATT,0.7,4,0.02375155869603943,0.7231959551478607,0.5
HGB,RUS,PLATT,0.8,0,0.0,,
HGB,RUS,ISO,0.5,528,3.1352057478772046,0.5809698894683636,0.553030303030303
HGB,RUS,ISO,0.7,17,0.10094412445816757,0.8666666666666667,0.5294117647058824
HGB,RUS,ISO,0.8,17,0.10094412445816757,0.8666666666666667,0.5294117647058824
HGB,SMOTE,UNCAL,0.5,637,3.7824357223442786,0.5829592704959119,0.5102040816326531
HGB,SMOTE,UNCAL,0.7,51,0.3028323733745027,0.7448248743446367,0.6274509803921569
HGB,SMOTE,UNCAL,0.8,3,0.01781366902202957,0.8422110676975928,0.6666666666666666
HGB,SMOTE,PRIOR,0.5,13,0.07719256576212813,0.5444617511773402,0.7692307692307693
HGB,SMOTE,PRIOR,0.7,0,0.0,,
HGB,SMOTE,PRIOR,0.8,0,0.0,,
HGB,SMOTE,PLATT,0.5,485,2.8798764918947803,0.5765945918014861,0.5216494845360825
HGB,SMOTE,PLATT,0.7,31,0.18407457989430556,0.734613249070973,0.6451612903225806
HGB,SMOTE,PLATT,0.8,2,0.011875779348019715,0.8240416796140182,1.0
HGB,SMOTE,ISO,0.5,400,2.3751558696039425,0.6221612239834948,0.5225
HGB,SMOTE,ISO,0.7,155,0.9203728994715279,0.7268939742058022,0.5870967741935483
HGB,SMOTE,ISO,0.8,0,0.0,,
