model,strategy,calibration,AUC_mean,AUC_std,PR_AUC_mean,PR_AUC_std,Brier_mean,Brier_std,BSS_mean,BSS_std,LogLoss_mean,LogLoss_std,ECE_mean,ECE_std,ECE_adaptive_mean,ECE_adaptive_std,MCE_mean,MCE_std,Cal_slope_mean,Cal_slope_std,Cal_intercept_mean,Cal_intercept_std,OE_ratio_mean,OE_ratio_std,Mean_pred_mean,Mean_pred_std,Sens_t05_mean,Sens_t05_std,Spec_t05_mean,Spec_t05_std,F1_t05_mean,F1_t05_std,MCC_t05_mean,MCC_t05_std,Sens_tprev_mean,Sens_tprev_std,Spec_tprev_mean,Spec_tprev_std,F1_tprev_mean,F1_tprev_std,MCC_tprev_mean,MCC_tprev_std,Reliability_mean,Reliability_std,Resolution_mean,Resolution_std
LR,NONE,UNCAL,0.6594648774019257,0.0030922383454584953,0.372253621526038,0.004053678453905934,0.1693367477943434,0.0004897151544946735,0.059274778099679716,0.002703551813820569,0.5165760064727032,0.0012153333806906154,0.008015715439206452,0.002342826089931165,0.010767957872716564,0.0027871440274903473,0.22871591398239963,0.03310294694043949,0.898558491936708,0.03028006351295157,-0.0005537449594198156,0.008627179983285162,0.9996328871369975,0.006121076062596392,0.23553083880360184,0.0014390215624471062,0.06633039092055486,0.004578092020345863,0.9820906703459297,0.0016421004963835552,0.11792827227826777,0.007250083313149657,0.12180183772291539,0.0051917383066869245,0.6019167717528373,0.005618610752087427,0.6267941249973059,0.004474016054683441,0.4278186293259278,0.0022585972360327526,0.19617654728559814,0.0034994823659796996,0.0002014971740080842,5.946482885908514e-05,0.01023799298150567,0.0005938439675921818
LR,NONE,PRIOR,0.6594648774019257,0.0030922383454584953,0.372253621526038,0.004053678453905934,0.1693367477943434,0.0004897151544946735,0.059274778099679716,0.002703551813820569,0.5165760064727032,0.0012153333806906154,0.008015715439206452,0.002342826089931165,0.010767957872716564,0.0027871440274903473,0.22871591398239963,0.03310294694043949,0.898558491936708,0.03028006351295157,-0.0005537449594198156,0.008627179983285162,0.9996328871369975,0.006121076062596392,0.23553083880360184,0.0014390215624471062,0.06633039092055486,0.004578092020345863,0.9820906703459297,0.0016421004963835552,0.11792827227826777,0.007250083313149657,0.12180183772291539,0.0051917383066869245,0.6019167717528373,0.005618610752087427,0.6267941249973059,0.004474016054683441,0.4278186293259278,0.0022585972360327526,0.19617654728559814,0.0034994823659796996,0.0002014971740080842,5.946482885908514e-05,0.01023799298150567,0.0005938439675921818
LR,NONE,PLATT,0.6594648774019257,0.0030922383454584953,0.372253621526038,0.004053678453905934,0.16921826121813183,0.0004339144408857035,0.05993300763810614,0.0023938632040193474,0.5162344361082551,0.0010832383495000767,0.004245969604064854,0.0011741385237241787,0.007677669627127473,0.0018388056865953901,0.21334091635450642,0.10124827893240633,0.9823837004929565,0.025786740795755048,0.00020052192108917268,0.00812654402344027,1.0001637571937863,0.0058231448251801965,0.23540516960438862,0.0013723393598736786,0.05049180327868853,0.0053185148118406605,0.9871854830091351,0.0019406712567281452,0.09240609879348276,0.008836777329366866,0.10979450820875367,0.009240443595411844,0.6062547288776796,0.0036039991279488404,0.6222739405316793,0.004668984240990513,0.42801573870690246,0.0018975633530586029,0.19576806031813299,0.0033453228629838796,9.800977676328653e-05,5.443283858563306e-05,0.01010253219805963,0.0006398927879538764
LR,NONE,ISO,0.6589074635706824,0.0029969507852512923,0.36263724964153826,0.003732774417307828,0.1693632129192068,0.00043908702694256776,0.059127750685095105,0.002422400986471729,0.5172517861360322,0.0009606368817384486,0.006316549359769284,0.0010713084316060796,0.00940147074865782,0.0017028141503173742,0.179221869747145,0.18345879852511898,0.9319150342704596,0.019449700515084236,8.298800291094794e-05,0.008312694199377375,1.0000795377930471,0.005940951675181548,0.2354252515817409,0.0013993835360048771,0.060378310214375785,0.020411307608482865,0.9838304218616278,0.005637312673713954,0.10761414733773678,0.03259785203794667,0.11546268211214625,0.021264144531369877,0.6157881462799495,0.07089447732963043,0.6076567724389995,0.07100668267534892,0.42576705856311775,0.006275475772073013,0.1923947171871043,0.006048983020110485,0.00011701743542367029,5.8698267434902904e-05,0.010093270719157861,0.0006209616608506481
LR,CSL,UNCAL,0.6596950997593418,0.0030690099545169014,0.3715218860564544,0.003895877528761974,0.22938519693413584,0.0012565747744006373,-0.2743155067106588,0.006973059611868426,0.6508294680332121,0.0027670216971219025,0.23972612243652267,0.0018207851485273312,0.2397261224365225,0.0018207851485273331,0.3506374954523249,0.033489895841136444,0.8876750981405795,0.028633500512601235,-1.1788874429694383,0.008852628339870333,0.4954928602611622,0.001904890538662946,0.4751634483430604,0.0018179647828861013,0.6017654476670871,0.006118289770849046,0.627493092599385,0.004505028329222729,0.42807640616423026,0.0019522230181956094,0.19667985670339255,0.0027845609058043475,0.9824968474148802,0.0018584749989347686,0.06380866291264627,0.0025593461452817997,0.391223510258376,0.0009686783698630349,0.08773534177598966,0.005614056021011969,0.060138125779907695,0.0009552900072607893,0.010459134245604266,0.00036377383901796515
LR,CSL,PRIOR,0.6596950997593418,0.0030690099545169014,0.3715218860564544,0.003895877528761974,0.16939715396422592,0.000500039454727477,0.05893920190293182,0.002760675922682156,0.516677873888721,0.00126126196054837,0.008086844187741941,0.002767522164572462,0.011060014879421754,0.002366750546085315,0.19503995540538138,0.06083732025693571,0.8879359504219634,0.02856601852193639,-0.001028184753725074,0.008853542990685933,0.99929854418126,0.006267603682768228,0.23560998822020768,0.0014743510633309042,0.06860025220680958,0.005391565782202258,0.9813606203077854,0.0016334160888886885,0.12145295684375641,0.008582535172656877,0.12341994236775329,0.00701729140672574,0.6017654476670871,0.006118289770849046,0.627493092599385,0.004505028329222729,0.42807640616423026,0.0019522230181956094,0.19667985670339255,0.0027845609058043475,0.00023198332504100898,8.336145531585444e-05,0.010300775614051943,0.00050524684506261
LR,CSL,PLATT,0.6596950997593418,0.0030690099545169014,0.3715218860564544,0.003895877528761974,0.1692481481726968,0.0004332678989751298,0.059766975563394144,0.002390000663230973,0.5162539410517285,0.0011004900475884418,0.004358149249115466,0.0005999515229572382,0.007814134952128038,0.0020183333777646353,0.21377684609363348,0.09007753788136005,0.9837584521249433,0.025811034898857662,3.390273564075896e-05,0.008317942172569488,1.0000457287338265,0.005960692445234997,0.2354332600721814,0.001405104741915446,0.04973518284993695,0.0051111562743231115,0.987169968330106,0.0019087403803364027,0.09108470944877739,0.008523041865207056,0.10796562313043519,0.009409128916788507,0.6067087011349306,0.004928046196903906,0.6227865305269324,0.004740990968529194,0.42851585841986684,0.0020583240108900465,0.19661177355769205,0.0033728644306342233,0.0001021709641625596,3.985971284344355e-05,0.010067513222734827,0.0006316343804666265
LR,CSL,ISO,0.6591156528105127,0.002942891773389395,0.3622907351180847,0.003651830418700263,0.16934839690260717,0.0003652230248426433,0.059210054145594174,0.0020113492350732147,0.5170363361832918,0.0008712170972667118,0.006255572856492432,0.0008779704604069353,0.009408131116643046,0.001480378742636242,0.24304623780082357,0.3896259502847022,0.9374520498070256,0.026315226216175228,0.0006259321965393907,0.008192146328920787,1.0004675760260422,0.005856338331136073,0.2353337508447221,0.0013791513732445532,0.05472887767969735,0.019020306593944967,0.985585567442118,0.005629957512006422,0.09852159270312945,0.031371144471042,0.11100731640071977,0.018171310383358917,0.629609079445145,0.056741095438034746,0.5973748046170066,0.059399901911556446,0.42858559156839143,0.0034417334531745437,0.19444818903784702,0.004925878483333226,9.564324424736611e-05,3.032996285779198e-05,0.010051646177308688,0.000629918187506032
LR,ROS,UNCAL,0.6582593845340281,0.002519807240135977,0.36959118946635344,0.003486512102847234,0.2295176743146597,0.0011501450115703033,-0.2750514811855616,0.006385032132619735,0.6511648374489784,0.0024724663650768914,0.23929722513213064,0.0016813457333687241,0.23929457664444906,0.0016829940537031616,0.3391320822880246,0.04655347942740001,0.8743830322368129,0.02483130821651226,-1.177775777839163,0.008285948934220775,0.495942440140408,0.0017657550718314116,0.4747319025509869,0.001679492439802564,0.5984867591424969,0.006508695031810311,0.6272755939494523,0.003120275916305247,0.4261322970474911,0.002961193661352573,0.1937118192422819,0.004364037175428305,0.9825977301387138,0.001644187239647595,0.06500474442918411,0.0029360428060554037,0.3915587575794092,0.0008831701953721474,0.08948774536892652,0.00486209156075627,0.06003344671218456,0.000886524598378462,0.010295804874628788,0.00025402097480959056
LR,ROS,PRIOR,0.6582593845340281,0.002519807240135977,0.36959118946635344,0.003486512102847234,0.16964248802439638,0.00041497009732023566,0.0575762719805847,0.0022910763477695497,0.5173760851817191,0.0009434194723347536,0.008809740614386267,0.002188497561648588,0.01062466931613352,0.0027538120197498333,0.1797223887314427,0.053595252096217814,0.8747504788959862,0.02472748965604838,8.348037655017682e-05,0.00828673473221615,1.0000819997217238,0.0058677626913462184,0.23542449249331385,0.0013786185238764657,0.06784363177805801,0.005664836682273954,0.9805995143723918,0.0016784310997843275,0.11992675779619284,0.00905623002066004,0.11888728002324389,0.007922188611326219,0.5984867591424969,0.006508695031810311,0.6272755939494523,0.003120275916305247,0.4261322970474911,0.002961193661352573,0.1937118192422819,0.004364037175428305,0.00026845473471728295,9.723066436025465e-05,0.010071929782578204,0.0004671096226331033
LR,ROS,PLATT,0.6582593845340281,0.002519807240135977,0.36959118946635344,0.003486512102847234,0.16946055184521758,0.00034770794818921665,0.05858698541496192,0.001918379873035132,0.5168506015510043,0.0007842944287563028,0.004465471828945182,0.002018713400261897,0.006630869665422085,0.002174358998258315,0.27531915594942624,0.17269590511106314,0.9779370455630112,0.024334759821840236,0.00021434646400374338,0.007964841013064345,1.0001749146635999,0.005711677318778632,0.23540230098247233,0.001346035587312071,0.0482219419924338,0.004322239038842908,0.9870301637112922,0.0017936188193663865,0.08840867516153483,0.007162375516405929,0.10373482881928915,0.0071182843780101595,0.60484237074401,0.006059265319725708,0.6210934472833454,0.0037551901276212567,0.4266477342749596,0.0032419363909766503,0.193512954912945,0.005084748906466769,0.00012140849690453826,6.30022662414171e-05,0.009953806039266535,0.0004950016579932015
LR,ROS,ISO,0.6574625699249498,0.002161543180133656,0.3602555896116711,0.002512048173606057,0.16963550961709062,0.0002959814784963268,0.057615027016856925,0.0016332476276457505,0.518148316159156,0.0002654475542598673,0.006625050425314504,0.0015029200113105346,0.01047484340979018,0.001243135178681736,0.07869976432622659,0.029977283207381106,0.921484045380898,0.02370025861689864,-7.084870871720776e-05,0.007805417322090777,0.9999696183053375,0.005576874593748976,0.23545034502731896,0.0013147687632170959,0.04736443883984868,0.010301035094695196,0.9874340689154153,0.0032694835460741136,0.08679081855152287,0.017446423555658647,0.10329191677949201,0.011027139200735085,0.6076670870113493,0.06777951845263805,0.6172106832009339,0.06795966945920538,0.4259839277957808,0.005436693819984529,0.1938876681149205,0.004835143665367102,0.00010443158592174694,1.960311818837598e-05,0.009886667399287046,0.0005078475244011051
LR,RUS,UNCAL,0.6568422756565001,0.0037431733542239195,0.3684686326865715,0.0040903056680938795,0.23124063054153332,0.0012378777263541117,-0.2846231088302974,0.006872495622855132,0.6549829581163582,0.002874080876324119,0.24160422912223717,0.0016929135503302804,0.2416042291222372,0.0016929135503305412,0.3325805224096706,0.018307482318699688,0.8439658123191689,0.031950299464487644,-1.1933639851246496,0.008999676841317562,0.49354129042168643,0.0017616085265576625,0.47704155502877493,0.0016880390734332275,0.6038335435056746,0.007537566653222985,0.6176142590697855,0.003918156997442825,0.4243912340888468,0.0037244303710435387,0.18954421534451277,0.005730144559691709,0.9807313997477932,0.003158128795459986,0.06773842221544031,0.002585206260937604,0.391653403031832,0.001473984750236702,0.08915715853494702,0.008654736051103607,0.06159329654516647,0.0009424324308512867,0.01013879834981575,0.0004171287951757741
LR,RUS,PRIOR,0.6568422756565001,0.0037431733542239195,0.3684686326865715,0.0040903056680938795,0.1699616435024645,0.0006161144801925662,0.05580327564849137,0.0034046352816542794,0.5181360372941901,0.0016865684081792235,0.011729393189815546,0.003253230753468976,0.013927575961697558,0.0033328065759474466,0.23305213194651353,0.07994231459694498,0.844265530591499,0.03188236788580764,-0.015504726908936516,0.009005865337570402,0.9891915834539962,0.006224481587715991,0.2380173502949891,0.0014929281638947022,0.07576292559899117,0.005911008826579229,0.978176416075042,0.0024353358993423973,0.13206683902649938,0.008743804992713945,0.12537641802125102,0.0038224857376283248,0.6038335435056746,0.007537566653222985,0.6176142590697855,0.003918156997442825,0.4243912340888468,0.0037244303710435387,0.18954421534451277,0.005730144559691709,0.00040581600094196014,0.0001595987090645373,0.009938740024053401,0.0004084394269519072
LR,RUS,PLATT,0.6568422756565001,0.0037431733542239195,0.3684686326865715,0.0040903056680938795,0.16962180024833412,0.00047827010290021335,0.05769121666026511,0.002637156312172522,0.5172287282241157,0.0013596348836560992,0.005102742049515251,0.0006495410074170288,0.006964167523166566,0.0020173460788589837,0.2508800074692715,0.06981914533954676,0.9892396503216165,0.028836438965931337,0.0004287346858469305,0.00669626645035817,1.0003182733874165,0.004815522077618363,0.23536678947951897,0.0011355606794001883,0.04605296343001261,0.003998094478293105,0.9874340170464608,0.001405609918245041,0.08471027030574749,0.0067589222152100075,0.10038992332839143,0.0070993960266483086,0.6034804539722572,0.007710684434990068,0.6184372946438794,0.006051430619193432,0.42459832852304286,0.0034902781173055198,0.18998999049586954,0.005486418157150818,0.00013482844202558235,3.24451350258868e-05,0.009782343865519048,0.0005349939719135809
LR,RUS,ISO,0.655972183689108,0.003435691816487575,0.35791952539766103,0.0027422311744418567,0.1697444840878787,0.0004872884645087202,0.0570096661098898,0.0026870073046077023,0.5182387154517378,0.0014936229649329942,0.006363536357848763,0.001227251306903894,0.008077772557789324,0.0014038183428440024,0.13926255132972387,0.14571169326442845,0.932341138256845,0.022585510090066853,0.0005996143465068938,0.007400570614372496,1.0004440756643664,0.005304115087997809,0.23533812068350737,0.0012496884438166758,0.05023959646910466,0.010537597701524685,0.9867504760619594,0.0024744611860596246,0.09166990563196524,0.017616839185920725,0.10654933178018242,0.013138709559652807,0.6348549810844892,0.06723556356264795,0.5857245832722785,0.06752467566324641,0.4257235186260947,0.006454645499549571,0.1889963384980136,0.007698899779492122,8.557087761362073e-05,2.2614406413657638e-05,0.009919127513859366,0.0005815595530923213
LR,SMOTE,UNCAL,0.6469807654507784,0.004231960740010827,0.3613300001213825,0.004354354149033043,0.23106434322784009,0.0016173427284553862,-0.28364372420878853,0.008973397330011595,0.6540554209716867,0.0036565516088461515,0.23463830394100021,0.001899310758610982,0.23455301864850298,0.0018169183866749165,0.32789156629266125,0.014937970845375367,0.7438372384652998,0.03533195634662773,-1.1749044887447717,0.009017975832302846,0.5009467721887216,0.0019437898433991676,0.4699903445550408,0.001813708154354183,0.5937957124842371,0.00761564343723287,0.6164181498083773,0.0036980196757240677,0.41824606351354615,0.004825783795982498,0.1799980650300372,0.007651949570190776,0.967515762925599,0.004658663259124825,0.09709548848346035,0.003656367660246194,0.39493397136847125,0.0010503060542985858,0.10004653073077292,0.005634045253122513,0.06022468886192901,0.001204838539855552,0.009143986104037726,0.0005317344440500407
LR,SMOTE,PRIOR,0.6469807654507784,0.004231960740010827,0.3613300001213825,0.004354354149033043,0.1714806379113012,0.0007390044903881804,0.047364732021508885,0.004088757202579857,0.5230751600364967,0.002141121303335846,0.02205203780809646,0.0023254958142445293,0.02371425348570393,0.0026478031185312705,0.21126925629324295,0.13195071510692077,0.7442415698453722,0.035313995038543454,0.00295476947094159,0.009016819218580501,1.0020957191278708,0.0063347423382337665,0.23495244428359854,0.0014824671683351595,0.077124842370744,0.0065218749879979694,0.977570612549733,0.002340475033813681,0.134047400406221,0.010011279624755835,0.12572320691492228,0.007249528752682671,0.5937957124842371,0.00761564343723287,0.6164181498083773,0.0036980196757240677,0.41824606351354615,0.004825783795982498,0.1799980650300372,0.007651949570190776,0.0008426979068616435,0.00021303598185220307,0.008901576928912738,0.00034821091585965336
LR,SMOTE,PLATT,0.6469807654507784,0.004231960740010827,0.3613300001213825,0.004354354149033043,0.1706883815058427,0.0005085779266903769,0.05176597472151643,0.0028097670879854244,0.5204034306724288,0.0014381186700806873,0.005173188846954665,0.002162354392862382,0.007670853987161766,0.0013912012465760613,0.15626018409150572,0.11994265947368972,0.9818656418116344,0.027435402199147915,0.0008139301809048037,0.006892929902655299,1.0006018709984885,0.004996476894805565,0.23530040719649511,0.0011762959148439312,0.03414880201765448,0.0025880400569715605,0.9917210422149528,0.0009032716473575106,0.06435588192683908,0.004632114126735157,0.0922413941186958,0.007105473953320654,0.6099873896595208,0.005286124773389861,0.5993009566511899,0.004905365376016715,0.41906926139247747,0.004423369324900604,0.17849173531133208,0.007511975678341101,6.42082556174721e-05,1.0940423453597554e-05,0.00874274530816328,0.00033272999772069597
LR,SMOTE,ISO,0.6459851929749185,0.00409044946495546,0.35129235823944455,0.004430140487067313,0.1708996559218947,0.0005996549963057575,0.05059228135156679,0.003314395202653123,0.5216737871050945,0.001734554987958975,0.007390750924272748,0.0035700842988139365,0.009635155585233491,0.002870148609689662,0.20169977096635866,0.1796738480394596,0.9217745493807534,0.03503386545313647,0.0006836278618243165,0.006950028796056439,1.0005087910812471,0.005020838012140007,0.23532234506029295,0.0011823542271881713,0.0442875157629256,0.0150867322412283,0.9886455842901662,0.004626401274815399,0.08137180384392131,0.025134890447555857,0.10143066684006699,0.015147023173988864,0.6010088272383355,0.07606701207159015,0.6029828936897543,0.07952714395306663,0.4154910892608047,0.007265620820138826,0.17590037719174523,0.009036161551435428,0.0001453885575936431,5.9385152706816486e-05,0.008635818021307685,0.0005731504023975347
RF,NONE,UNCAL,0.6588369351883406,0.0026880591228990807,0.3745521460321941,0.00533911857209762,0.169871255201677,0.0002583467220202873,0.0563053576545967,0.0014386787960135883,0.518171304993794,0.0006586853269110505,0.018321452758268013,0.0015599507908933778,0.021344608482173223,0.0021989435013544407,0.24335154769485906,0.1263734151361429,1.3686139752920015,0.039418851943773786,-0.009410651880975054,0.005111382871371141,0.9930872418400769,0.0037313747081289114,0.2370788514479742,0.0008900793894661505,0.009180327868852459,0.0027081421832123313,0.9987263197551798,0.0006105300551565563,0.01810210153182392,0.005268367420748855,0.05988616599502502,0.010543584251282172,0.6292055485498108,0.007433472157691005,0.5973750868640694,0.0032281816688319053,0.428509636391873,0.004367756796068368,0.19301569198953317,0.007092441678257292,0.0006832625164100497,0.00014590843299568104,0.009644127554901787,0.00023253862822790065
RF,NONE,PRIOR,0.6588369351883406,0.0026880591228990807,0.3745521460321941,0.00533911857209762,0.169871255201677,0.0002583467220202873,0.0563053576545967,0.0014386787960135883,0.518171304993794,0.0006586853269110505,0.018321452758268013,0.0015599507908933778,0.021344608482173223,0.0021989435013544407,0.24335154769485906,0.1263734151361429,1.3686139752920015,0.039418851943773786,-0.009410651880975054,0.005111382871371141,0.9930872418400769,0.0037313747081289114,0.2370788514479742,0.0008900793894661505,0.009180327868852459,0.0027081421832123313,0.9987263197551798,0.0006105300551565563,0.01810210153182392,0.005268367420748855,0.05988616599502502,0.010543584251282172,0.6292055485498108,0.007433472157691005,0.5973750868640694,0.0032281816688319053,0.428509636391873,0.004367756796068368,0.19301569198953317,0.007092441678257292,0.0006832625164100497,0.00014590843299568104,0.009644127554901787,0.00023253862822790065
RF,NONE,PLATT,0.6588369351883406,0.0026880591228990807,0.3745521460321941,0.00533911857209762,0.16915092676370352,0.0004114606612409863,0.06030703660986776,0.002287549460007588,0.5161729266326457,0.0009379606110599926,0.005054689487133285,0.000847226322324666,0.0072916851406345335,0.000848069118224406,0.16783791312070823,0.11145748147420129,1.0069827744560278,0.04208598411283525,-0.002074597083400468,0.0068632127065675775,0.998519472509335,0.004931995815940151,0.23579102972066973,0.001168088843950267,0.044640605296343006,0.006634525315493521,0.989624135796174,0.0022404540005735905,0.08268750485487138,0.011254564402993994,0.10810846156272066,0.007914364651201804,0.6064564943253468,0.012420513229072996,0.6193382703338258,0.0028730234356302295,0.4266547434462266,0.005486070757369805,0.19329712169342175,0.007952112857412739,7.76851031429969e-05,4.667259249505055e-05,0.010086675322877632,0.00036846305044173957
RF,NONE,ISO,0.657977938265574,0.0030043420243057385,0.3635905295939625,0.005416460135178107,0.1694129708837036,0.0005537041597759018,0.05885128024462505,0.0030807557928645064,0.5170732114314098,0.0015704037437781475,0.007818992151783822,0.002288683924744569,0.011463387052011784,0.002981776171085705,0.1509995771182621,0.06107947166469858,0.9579150419685281,0.046819190175819356,-0.0032481415841613633,0.006319300263181077,0.9976849291157016,0.004515632444216568,0.23598752550573782,0.001071788374340034,0.05846153846153847,0.021391092689064122,0.9843895571015219,0.006439103122952872,0.10434305381314171,0.03544333367760734,0.11399492002093252,0.019703003732141032,0.5803278688524591,0.030287402249697153,0.6451534201984789,0.02252183390255802,0.42456162500467187,0.007042480503483287,0.1948247623676546,0.00788861075238436,0.00014519339802641977,6.908596890005685e-05,0.010027321903560968,0.0005252406869165146
RF,CSL,UNCAL,0.6596649969363054,0.00394514332982743,0.3731445428017493,0.006503081891689016,0.19075409031177148,0.0005784803156227297,-0.05970615576935865,0.0032199577558885513,0.5687185142986924,0.0011527960642952622,0.1465097192786134,0.00054311540280997,0.14644357871827926,0.0005845215011233263,0.33541208898625324,0.27199238898076294,1.3729527474361787,0.05505799163256543,-0.7237808553167766,0.003275529590131714,0.6165214435216357,0.0009439086500441313,0.3818809046248171,0.0005837882096508374,0.23011349306431272,0.003163160069631917,0.9070053147011837,0.00544149428061808,0.3004149812879961,0.004958825906133042,0.1758659925649767,0.010167718407573162,0.9816393442622952,0.0030857995297215958,0.06616952396074134,0.004652301312320454,0.39154815045313673,0.0015536771066023414,0.0889669251044444,0.008699179245783461,0.021656821863541894,0.0001134091778801326,0.01015383792687843,0.0006113333962432117
RF,CSL,PRIOR,0.6596649969363054,0.00394514332982743,0.3731445428017493,0.006503081891689016,0.17594865661652243,0.0002924969659992303,0.02254324518055495,0.0016338165224490725,0.5346028589335432,0.0010181057285235879,0.07000196702526781,0.0004850630636456743,0.07015242038737232,0.0003050152379351482,0.38512051121357327,0.10588713399299354,1.3732914003609218,0.05524188495143657,0.4540784028989366,0.0032760059571852293,1.4230625484131225,0.004277293442563524,0.16544531396878043,0.0004980893786115357,0.0008575031525851198,0.0004916415810748532,0.9999223349228036,5.491664973901952e-05,0.0017125930534973202,0.0009810363173117687,0.01995124251074439,0.005860925108591615,0.23011349306431272,0.003163160069631917,0.9070053147011837,0.00544149428061808,0.3004149812879961,0.004958825906133042,0.1758659925649767,0.010167718407573162,0.006435543143711061,0.0002519163122283575,0.008771982616990939,0.0004041084101552835
RF,CSL,PLATT,0.6596649969363054,0.00394514332982743,0.3731445428017493,0.006503081891689016,0.16916414231498328,0.0006210101140988436,0.06023360762396581,0.0034551455109865714,0.5159864958501802,0.0015517830400659707,0.005547836623236624,0.0014355758738045935,0.008179652304472188,0.0015636761739283142,0.29500458316068484,0.315002647181661,0.9927485345935105,0.045196104837268596,-0.0023381229357232773,0.006211206668011812,0.9983305282071123,0.004450754724812,0.23583479537658017,0.0010531911840685733,0.051954602774274904,0.005144029774116303,0.9872320596154976,0.001590308949527982,0.09496962553675242,0.008583647706516246,0.11332870992096981,0.005554798169100604,0.6025220680958385,0.011206896920803986,0.6236252617258644,0.0027201653989219737,0.42658264585236666,0.0063432182613607085,0.19382491304890032,0.00968488801715602,0.00010461474533824235,4.5729567981029805e-05,0.010237025170884184,0.0007233457802685723
RF,CSL,ISO,0.6585318792824101,0.00393480513915522,0.362555848175315,0.0059865999358886075,0.16945345351076926,0.0007036855954874774,0.05862638064829175,0.003914263206930251,0.5174803327153914,0.002259537395218995,0.008615736304563127,0.003197084953105177,0.009793765730761794,0.0023783613196151324,0.31168345069877174,0.14851324253245224,0.931880153425548,0.05443529822956908,-0.0018324042238091309,0.00601446522061656,0.9986941927351346,0.004297517080840305,0.2357486615830635,0.0010161156438663057,0.0439344262295082,0.01924587503383751,0.989251082600353,0.007121947956599489,0.08047240896328428,0.031055213435587963,0.10492008492969643,0.010976601689473736,0.6293064312736444,0.015533155119715349,0.5963500769650704,0.012000789207357079,0.42805757623302493,0.005384637908859959,0.19224394738280853,0.008435511711558367,0.0002426691091773795,8.372852752210322e-05,0.010036729626732466,0.0006787187106423612
RF,ROS,UNCAL,0.663002193777005,0.0021686040893471505,0.37806813623905844,0.006570874062870023,0.2021258360396656,0.0004956259959778537,-0.12288018509921432,0.002749753600020993,0.5933728766010609,0.0009223786671290086,0.18234817672624526,0.0004942753430355251,0.18232821944978386,0.0004978648911668001,0.19147106499040462,0.0023376242795037374,1.3994366746482654,0.0369926049082554,-0.88023869015768,0.002861750570071799,0.5635639316142335,0.0006705657680093663,0.41776554535632177,0.0004986293747677184,0.3528877679697352,0.004340595695972941,0.8349332388402481,0.004352533102354154,0.3736420313953236,0.0038124808507516137,0.19591489372273085,0.005769782216262584,0.9929886506935688,0.0021651627774360734,0.0307082511458396,0.0019978963519407555,0.3863262120728475,0.0009968756415406161,0.06416541572300627,0.008601494716070891,0.033500736088178766,7.923827202121233e-05,0.010635441321946972,0.0004044961759230977
RF,ROS,PRIOR,0.663002193777005,0.0021686040893471505,0.37806813623905844,0.006570874062870023,0.17251266631645298,0.00021467746366432845,0.04163139356517109,0.001192085240979093,0.5243175395998116,0.00039173146959023197,0.04915632398198407,0.0008003333825288362,0.04918477324770474,0.0011407467510889007,0.41507791456504767,0.13088388743029244,1.4016717824715859,0.037270215092229844,0.2976205680580334,0.002860733349814953,1.255420917870675,0.003053921548349114,0.18753745456537507,0.00045744415405421014,0.00201765447667087,0.0006430037217645377,0.9997980751420593,0.0001610469392477234,0.004023441224094029,0.0012772719637332392,0.030917985103041244,0.0040702905338125695,0.3528877679697352,0.004340595695972941,0.8349332388402481,0.004352533102354154,0.3736420313953236,0.0038124808507516137,0.19591489372273085,0.005769782216262584,0.0037277629831584886,0.00032562332392296883,0.009717930433678409,0.0006061765505418574
RF,ROS,PLATT,0.663002193777005,0.0021686040893471505,0.37806813623905844,0.006570874062870023,0.1686262669575286,0.0005096501865494074,0.06322171512644725,0.0028291624507623854,0.5146145444145435,0.0008704312593961515,0.005921893280404991,0.002255858506989027,0.007807113804908973,0.002181667825114466,0.20142106828980647,0.08373155024857186,1.0099760967092635,0.03187126830061998,-0.0023924370126916956,0.006590928817432569,0.998303603485023,0.00470191401684368,0.2358415941115069,0.001113229481240791,0.05276166456494326,0.006072373251195266,0.9872941907134232,0.0020234383152663306,0.09636874993525395,0.009946416920224197,0.11553243236578872,0.00687260846158948,0.6115510718789408,0.005160696140924819,0.6217459359853876,0.003320190465827828,0.4306899306180254,0.0040920371110807945,0.19975731238657812,0.006665736154454914,0.0001000173632866759,4.04630882202581e-05,0.010720402916625914,0.0005556458446184535
RF,ROS,ISO,0.6622031928493636,0.002198014610423619,0.3679256329932552,0.0060586362640538145,0.1688942444486518,0.0004576094900313821,0.06173299545316639,0.0025445677831373585,0.5159714142279095,0.0005876668743202292,0.0067920375781122255,0.0022403811473788613,0.011593934183776727,0.0019455567663030843,0.3899375662349421,0.2817370036664679,0.9501069920729108,0.038989817429913996,-0.0022810990476263815,0.007176228578597461,0.9983881392850755,0.0051103864558132974,0.2358223817230347,0.0012090735899733837,0.059369482976040354,0.02367629625092513,0.9848401487062336,0.007912144222352627,0.10575748237886169,0.03812281471457418,0.11850830918058866,0.017317343858072924,0.6169482976040352,0.04501711399746207,0.6161535787667008,0.04191122480423119,0.43070004449218213,0.005620521454019275,0.1998814041964789,0.00502674467412703,0.00015908383735987872,5.5255904900985576e-05,0.010684811140191748,0.0006142478602712222
RF,RUS,UNCAL,0.6587462094779665,0.0022829072885780758,0.3700502342282436,0.006668794166033402,0.23199272102112073,0.00036903893673800734,-0.28880126476225626,0.0020577135161372008,0.6562881702182615,0.0007524342209992503,0.24967452829419448,0.00027760060636592717,0.24967452829419426,0.00027760060636605353,0.2771054507123778,0.03227543104872414,1.4425827635891646,0.043709220893368386,-1.1593478071545582,0.0019844893362218137,0.485325983123878,0.00028250618594486386,0.4851118542007321,0.0002734197569463101,0.6027742749054225,0.00446911605212341,0.6284250083774481,0.0030967098982972348,0.42911112353763914,0.0034825906772716062,0.19836951605584047,0.005641223054849333,0.9998486759142498,0.00022558062824712283,0.003106519852869366,0.0015089074832153313,0.3818276860705123,0.00029613922025682976,0.02514662275227648,0.005482783827958724,0.0626155319154595,5.0832466868990764e-05,0.00985516881273928,0.00034097790260827573
RF,RUS,PRIOR,0.6587462094779665,0.0022829072885780758,0.3700502342282436,0.006668794166033402,0.17033780693964268,0.00023463091784967408,0.053713499897010644,0.001305995126862252,0.5191741211998133,0.0005096663668027609,0.021435534258666518,0.002888266425097805,0.02594059152827155,0.0028555194134894236,0.21392751762277012,0.16012735861955674,1.4430731733329731,0.043923438431956674,0.01851145106115506,0.0019905904988274953,1.0138606356602682,0.0015129942639430173,0.23221903798237103,0.0003434505110301538,0.004943253467843632,0.001649980048806671,0.9993476258971009,0.0003411886229896179,0.00981209703861798,0.0032613151590098004,0.04420647848150946,0.013378743850791873,0.6027742749054225,0.00446911605212341,0.6284250083774481,0.0030967098982972348,0.42911112353763914,0.0034825906772716062,0.19836951605584047,0.005641223054849333,0.0007847768919644598,0.0001858912533109759,0.008959831718059738,0.0004345107876428044
RF,RUS,PLATT,0.6587462094779665,0.0022829072885780758,0.3700502342282436,0.006668794166033402,0.16940763786895524,0.00044866096003652785,0.0588809159551682,0.0024941013357397553,0.5165422196971556,0.0009682766284329502,0.005780615442827713,0.0028476131756798116,0.008462221755634465,0.0024228379496103857,0.31784286063074346,0.2829202212332671,1.0029666613015216,0.0363414384410529,-0.0022504877803763636,0.006361749547251179,0.9983900796843429,0.004572789756297484,0.23582094127709435,0.0010831783743896395,0.04433795712484238,0.007105342195076329,0.9882572444279726,0.001833938894826417,0.08182072184942876,0.012184943251132898,0.10001295231924516,0.012779708614494838,0.605296343001261,0.006973415668448142,0.6251785210541436,0.004225960113640893,0.4289035421399762,0.0033906934050119747,0.19757052123195967,0.005222715499483633,0.00011550522639506055,5.3491668659377704e-05,0.009900547673720245,0.000512739575965289
RF,RUS,ISO,0.658125267910009,0.002180026817160812,0.36082368589300484,0.005656548759413107,0.1697133529129743,0.0005539186114084532,0.05718254594868342,0.0030843853951688874,0.5184394836506832,0.0019410961937050197,0.007575623877709202,0.0019452497145629765,0.011266533316872263,0.0026345798692371694,0.3617606212882187,0.11781813436207249,0.9346665941802001,0.055208305808664405,-0.0022462855559890996,0.0061572995892133385,0.9983943514761604,0.0044087860115382856,0.23581965497127025,0.0010449723074236821,0.03858764186633039,0.013707619915965898,0.9900279903252175,0.0039230437317039875,0.07160384165608316,0.024105732423842084,0.09372223809952578,0.018939135232208658,0.6178058007566204,0.021187323515473772,0.6136848243213299,0.02361767177580562,0.43018633546046414,0.0036985075698414307,0.1980134853570527,0.007269280159300635,0.00024713938379381607,0.00016436197867496225,0.0098010926540992,0.0005856301111585973
RF,SMOTE,UNCAL,0.6510352995396647,0.002554288197295828,0.36339569792479337,0.0041738264413580615,0.17542769737802855,0.00024689605757749076,0.025437377533321072,0.0013640494668129392,0.5336135039154959,0.0005751958920936681,0.0698728335056435,0.0015228595503867382,0.06946820178623851,0.0011907708995999992,0.23756815370206544,0.1104290627905557,1.401206062117566,0.043805900289988826,-0.36502558580265865,0.005891513357883336,0.7721742790643742,0.003015372764249106,0.30490552769277635,0.0011939733563148213,0.04514501891551072,0.003288374479295159,0.988070819771725,0.0017919064615788283,0.08326895969168767,0.005427105500775546,0.1014543873831947,0.0043092847995073414,0.8960907944514502,0.00835904838293901,0.23442066549375334,0.0057058168885730995,0.40895962160682586,0.0020213620804688604,0.1375377394464045,0.006317794846949947,0.005155667053816354,0.00019803863975829776,0.008834934078302466,0.00038524130952174394
RF,SMOTE,PRIOR,0.6510352995396647,0.002554288197295828,0.36339569792479337,0.0041738264413580615,0.1861188749781316,0.00027509143836677055,-0.0339558976841269,0.0015371493233563114,0.5711481118399121,0.0011808741624275095,0.11326323157099391,0.0006645990913834344,0.11323296881968688,0.0006409673681798824,0.5071981586724412,0.09273715870478799,1.401893351353181,0.04375440832918596,0.8128336724130547,0.005885407571047622,1.9266297700981632,0.010136172142619974,0.12220435708685093,0.0006445444357540581,0.0005548549810844893,0.0002762787175309791,0.9999534004711105,4.253935530773461e-05,0.0011087948875943279,0.0005516645033237885,0.016514525204637857,0.0064001018469147545,0.04514501891551072,0.003288374479295159,0.988070819771725,0.0017919064615788283,0.08326895969168767,0.005427105500775546,0.1014543873831947,0.0043092847995073414,0.015036290866500643,0.0002617176365081565,0.007172771242959636,0.00030460653738390676
RF,SMOTE,PLATT,0.6510352995396647,0.002554288197295828,0.36339569792479337,0.0041738264413580615,0.170317617781353,0.0003398519021285446,0.05382566405808249,0.0018858178623572756,0.5192284823461002,0.0009441011973935759,0.004965146297540053,0.001401964521364074,0.008031598993654073,0.0013240959932617855,0.2040469880103986,0.09744561372041126,1.0041001048969318,0.03299232231140896,-0.003110508649471761,0.008145141020162752,0.9977685565120901,0.0058734457479353245,0.23597041783183909,0.0013912877980580638,0.03546027742749054,0.005598763954809224,0.9906182393720799,0.001248820028992397,0.06647212440234855,0.009967756585376818,0.08924470812271021,0.011507134806751099,0.6077175283732661,0.006876047604488237,0.6113854163696457,0.0060205765752826875,0.42354126431492356,0.0036198581593949114,0.18727335805362527,0.005948152045298279,8.355700353872912e-05,2.3576102857731456e-05,0.00903318379623292,0.0003456184623663938
RF,SMOTE,ISO,0.6499000233846346,0.003084230703282241,0.3524564329824171,0.004061918360818743,0.17058280071658405,0.00040145365896460095,0.05235247105657224,0.0022328383495682086,0.5209985036564577,0.0015944675215348817,0.007686892922597716,0.002139602319776695,0.00934667049274994,0.0026601475838142954,0.2266807892210287,0.10432144958150846,0.9337014590859493,0.048269903666664726,-0.00333366730471459,0.008305499054520023,0.9976166349013849,0.005961231083804525,0.23600655248836558,0.001412639731130149,0.03641866330390921,0.020941975386631322,0.9899192042305851,0.007102184937190853,0.06696331528469476,0.035362304663707884,0.08738238800107209,0.01833202523311621,0.5845649432534679,0.056770178623730905,0.6299151233646006,0.05171397809703726,0.4191512436627548,0.007453668324735824,0.18520333960456217,0.00541413363739696,0.00016971836758920969,9.106592588287513e-05,0.008822842886181135,0.0004231965166504695
HGB,NONE,UNCAL,0.6733972969640742,0.0013422048214287465,0.3903623832009051,0.005661609585062766,0.1670518351647227,0.0004227351924399939,0.07196825202403882,0.0023390539289449824,0.510196379319179,0.000999597923596352,0.006075545853522165,0.0022565424262512663,0.00920277843744733,0.0029855550718291468,0.2826373749491487,0.3057890396161259,1.0115419381450828,0.03034089464895782,0.0024744956476422967,0.0037060101796627257,1.0017629472316154,0.0026353103859549165,0.2350242921948523,0.000617520416458623,0.07041614123581337,0.005494983898773731,0.9842652189218137,0.0020159420718013866,0.1255129851975481,0.008700866187586921,0.13924364783097068,0.008016767857281686,0.615687263556116,0.003612813029905654,0.6314074385476386,0.004770416034962079,0.43780328135980273,0.002488383760653072,0.21196481843378417,0.004235634118688131,8.964619450658223e-05,4.8252605189351694e-05,0.012150879379595263,0.0005803668767178946
HGB,NONE,PRIOR,0.6733972969640742,0.0013422048214287465,0.3903623832009051,0.005661609585062766,0.1670518351647227,0.0004227351924399939,0.07196825202403882,0.0023390539289449824,0.510196379319179,0.000999597923596352,0.006075545853522165,0.0022565424262512663,0.00920277843744733,0.0029855550718291468,0.2826373749491487,0.3057890396161259,1.0115419381450828,0.03034089464895782,0.0024744956476422967,0.0037060101796627257,1.0017629472316154,0.0026353103859549165,0.2350242921948523,0.000617520416458623,0.07041614123581337,0.005494983898773731,0.9842652189218137,0.0020159420718013866,0.1255129851975481,0.008700866187586921,0.13924364783097068,0.008016767857281686,0.615687263556116,0.003612813029905654,0.6314074385476386,0.004770416034962079,0.43780328135980273,0.002488383760653072,0.21196481843378417,0.004235634118688131,8.964619450658223e-05,4.8252605189351694e-05,0.012150879379595263,0.0005803668767178946
HGB,NONE,PLATT,0.6733972969640742,0.0013422048214287465,0.3903623832009051,0.005661609585062766,0.16705872382908704,0.0004411175140324409,0.07192998410828366,0.0024410766224107166,0.5101984596268845,0.001048658533157619,0.005531722315080782,0.002477041541116029,0.009115264878616722,0.002909244350008558,0.42702521280378536,0.36125533264430815,0.9849088558259634,0.024590171267725298,-0.0014108615747393757,0.008873423747585268,0.9990240125189501,0.006287541662550144,0.23567480789416467,0.0014843578379212816,0.07596469104665826,0.0064037687937543684,0.982385789436495,0.002072291816923052,0.13400465350202556,0.009995735979326214,0.1420798403034837,0.009954350525014843,0.6157881462799495,0.007896530363830645,0.6304286686968961,0.00549037842948648,0.43735020152107335,0.002714739903151105,0.21116503135800008,0.003938703464861439,9.978846581676876e-05,5.508860568815531e-05,0.012198162686481497,0.0005679437423227433
HGB,NONE,ISO,0.6725287039604618,0.0013879040193275328,0.3800539306854184,0.005367456493503658,0.16735453632370065,0.0005458979818463813,0.07028664611949538,0.003023242174578942,0.5124413700212932,0.0021738921929102995,0.008330645802931486,0.0023447834313621166,0.013157493526988931,0.0023871611193309952,0.5342184046066439,0.3276057100665269,0.91633083298521,0.040025551933227814,-0.0011742654175919175,0.010115972394534864,0.9991995633725168,0.007146749760498076,0.2356355728874188,0.0016853324265827638,0.07313997477931904,0.023007565340328853,0.9831625668812617,0.007477893245218444,0.12856778311951,0.034342554596691235,0.13990806494206998,0.015736809405188075,0.6264312736443884,0.051407023902529415,0.6148176997604954,0.04784488617117293,0.4351649262686819,0.0058158146683585195,0.20690585396609448,0.004544272744036487,0.00021410352294864033,9.840784723090312e-05,0.012162646477867958,0.0006070419672225367
HGB,CSL,UNCAL,0.6732878687815799,0.002431703459950046,0.3878942394700978,0.006650922240216793,0.2206445407990402,0.0012885661563754535,-0.22575818514042667,0.007172629272265015,0.6305137249514206,0.0028749011652423415,0.22616717594727914,0.002581729026811773,0.22616548601452086,0.0025808046997827573,0.43520468934212736,0.27722199669345754,1.0083272247599468,0.038045421654890055,-1.1158079197773232,0.008317754236210347,0.5100559131914556,0.002874605048293434,0.46160281192105873,0.002573414814099336,0.6020680958385876,0.007579643382098119,0.6476237790582771,0.00755960688172188,0.43844964542179754,0.003571017777226973,0.2153227333297092,0.005803932586401656,0.9786633039092056,0.0036747839038696857,0.08667324309772834,0.008571648101623726,0.3958559397221374,0.001288366543422811,0.10772833295855835,0.00472453570044643,0.053412302375920005,0.0010546851615577599,0.012406970179315666,0.0006221792926516061
HGB,CSL,PRIOR,0.6732878687815799,0.002431703459950046,0.3878942394700978,0.006650922240216793,0.16732801718733065,0.00045312740038402303,0.07043394928838739,0.002515122913490383,0.5108478724984644,0.00117258536565268,0.010553859927728117,0.0013325589816931683,0.012807921727857663,0.002956829982218176,0.44920198391368993,0.25965994956116595,1.008445614208715,0.038387683041482865,0.06205133843839017,0.008327130650228087,1.0455097141225855,0.006186832231487303,0.22519531008481913,0.001325148009237254,0.04575031525851198,0.007148183485838662,0.9906181283918489,0.0020340453617649595,0.08490435581676382,0.012309340595640008,0.11625509564644172,0.009518901742033275,0.6020680958385876,0.007579643382098119,0.6476237790582771,0.00755960688172188,0.43844964542179754,0.003571017777226973,0.2153227333297092,0.005803932586401656,0.00024061467132812137,7.24153297015497e-05,0.012172923253544259,0.0006155379187555344
HGB,CSL,PLATT,0.6732878687815799,0.002431703459950046,0.3878942394700978,0.006650922240216793,0.16720517833131393,0.0004966749312534942,0.07111636566134086,0.0027558664680304864,0.5105228923508287,0.0012864129023620395,0.005818606188214158,0.0017692636941509068,0.00816185660903436,0.003090480262242371,0.35567754329374074,0.23081067716471115,0.9882213845162487,0.030838514003142362,-0.0017838970970092479,0.008708337265479918,0.9987554254116906,0.0061956334939377265,0.2357379679521602,0.0014624477736364494,0.059268600252206816,0.005511166048779867,0.9867349855103871,0.0015597056598022538,0.10747056303305573,0.009080296757766669,0.12724265414274644,0.0077208423938062475,0.6382849936948298,0.007325728731611289,0.6093506386261908,0.003354069420687558,0.4391437888312148,0.0026942725584605943,0.21123738835792585,0.004007452717450907,8.908924267775231e-05,4.345466056791575e-05,0.012163665007603497,0.0005760090697762881
HGB,CSL,ISO,0.6724842530490468,0.0024583971774961868,0.3765273712902556,0.005720084873548337,0.16750105670728066,0.0006276067020323957,0.06947266311342033,0.0034819408417758567,0.5127808024610495,0.002360453779202384,0.007593974538923744,0.0014935077617848468,0.009215510435132152,0.0019068468640607399,0.5016029037970949,0.3499894007855003,0.9204295696570884,0.045547295285869045,-0.002389942686172117,0.008833926375949316,0.99833472322791,0.006246653721585621,0.2358374335817349,0.00147542029395332,0.06774274905422446,0.02530791973767027,0.9843276262698837,0.006548717393553957,0.11979454418860429,0.03991125630880437,0.132854191067976,0.02305209522307199,0.6054981084489282,0.04113229406193909,0.641472845058116,0.03445253235515212,0.4369616078878139,0.006114788119767562,0.2129786550954586,0.003956596835559974,0.0002460378495287416,6.273930284751728e-05,0.012190899718195213,0.0007926241113131844
HGB,ROS,UNCAL,0.6699270057752644,0.0014122509841352725,0.38402746328677867,0.00381594874748467,0.21245032915766596,0.0005589345805358664,-0.18023637337257464,0.003098628738724324,0.6120033119254802,0.0011410001851899624,0.20210527686971522,0.0007883703359096004,0.20209057763771474,0.0007725079022505882,0.4486917435096377,0.2800633878847524,0.8600733910867422,0.019970922254569576,-1.0318079186247764,0.0032312991699023374,0.5381094809076258,0.0009552940876231831,0.4375279035442525,0.0007684558046976539,0.5459268600252207,0.00620500513591436,0.6895620305072299,0.0036872195874847655,0.4274946166737081,0.0033934703954838974,0.20742858787054924,0.0048354917991257325,0.9539470365699874,0.00232933162956247,0.148477866900683,0.0035801057999153355,0.4042848146007708,0.0007018049474270795,0.13169107143100747,0.0024545028380152205,0.0447066742984422,0.0003386520234371507,0.011977530809834356,0.00032262287384801126
HGB,ROS,PRIOR,0.6699270057752644,0.0014122509841352725,0.38402746328677867,0.00381594874748467,0.16827647233862367,0.0003507361808673227,0.06516496155119403,0.0019368961449359216,0.5143420352072063,0.0010061894378510703,0.02416981519060718,0.0007346444255249049,0.0234156821722074,0.0002320756364229267,0.3338740584231427,0.28629371001888926,0.8604114815153092,0.01996844866861254,0.14605133959093677,0.003231438962660935,1.1093320478415618,0.002572870532044531,0.21223432764493882,0.0004934022085603545,0.055233291298865075,0.0018447337753250683,0.9878067312456469,0.0018059048615271143,0.10088685712104437,0.0028402927258941507,0.1238315439328546,0.006391773227244505,0.5459268600252207,0.00620500513591436,0.6895620305072299,0.0036872195874847655,0.4274946166737081,0.0033934703954838974,0.20742858787054924,0.0048354917991257325,0.0006969521937569519,6.325229853805334e-05,0.011831446900531789,0.00039665692779140035
HGB,ROS,PLATT,0.6699270057752644,0.0014122509841352725,0.38402746328677867,0.00381594874748467,0.16770793342246537,0.00031435138293912934,0.06832339254935642,0.0017353818776067351,0.5118560884413258,0.0008015687857103679,0.004910313207394714,0.0012954088797468186,0.008525931039865594,0.0009313231808516061,0.37141186044534263,0.24419195428085205,0.9937003591348847,0.01758215615085884,-0.0012502653567130271,0.004753212409917264,0.9991157867447061,0.003382627960590177,0.2356478593876678,0.0008021208592682319,0.05235813366960908,0.0018064065149528356,0.9885523188829115,0.0011916198152041558,0.09610641324741157,0.003119207053366626,0.12092509299793583,0.006710401362687133,0.6401513240857504,0.007774354167093575,0.6053587807969947,0.0042293155211237604,0.4381970077040339,0.0038726719571877135,0.209280109894461,0.006189250355494742,0.00011561751086315022,8.301663845078531e-05,0.011760990696405054,0.000535486008728566
HGB,ROS,ISO,0.6693215629563037,0.001340002818309297,0.3740512326766491,0.0035908696807356237,0.16791158621833646,0.00046659402496692314,0.06719202916981877,0.002584910427024487,0.5144699696584363,0.0022484810269498413,0.0062228467946712765,0.0019077006069712326,0.00951339602560296,0.0031774285725859035,0.23919393295894484,0.17089407274189344,0.916358248556343,0.04628716394601217,-0.0009358399359458208,0.005338623519424017,0.9993459350904231,0.0037760658462225073,0.23559412287742104,0.0008948496385250558,0.07757881462799496,0.020605929165547703,0.9809570215027282,0.005763295231762124,0.1353245739237857,0.030917240219910498,0.13884092168190856,0.01659000326319354,0.6397982345523329,0.04825046511163926,0.602655679908619,0.05037772974151067,0.4366247861154907,0.0022899071661055346,0.2074767322669621,0.0053043934186884105,0.00016762354349348344,0.00013572902751877506,0.011687010414508989,0.0003982613154323724
HGB,RUS,UNCAL,0.6711749458293745,0.002271712897996996,0.3849746568936748,0.006564735329377001,0.22755199922406702,0.0008876919543207198,-0.2641315355466637,0.004948525231567976,0.646116192426857,0.0019767603071684414,0.2413859139028803,0.0013444876982866517,0.24138373685671163,0.001346527755492828,0.6644692182561636,0.3480521927028026,1.0373366594783722,0.04507301332482077,-1.1753742384006647,0.006564641881627531,0.4937676754086313,0.0013957652676006413,0.47682106276324954,0.0013451596277758006,0.6253720050441361,0.003479174427149264,0.6195403520140532,0.004387423654332845,0.43719184806522354,0.0018813941617657694,0.2094354282349443,0.0032732287128516614,0.988499369482976,0.003414585885715247,0.053634545049550175,0.010626095898154005,0.39058691618867564,0.00181232173273982,0.08720451171283339,0.009090228202223482,0.05995382626941157,0.000465742933970622,0.012009152444124949,0.0004279127236323461
HGB,RUS,PRIOR,0.6711749458293745,0.002271712897996996,0.3849746568936748,0.006564735329377001,0.16756814640932874,0.0004980345758985453,0.06909992664686307,0.0027732583350686627,0.5114069285920737,0.000980159366749282,0.004728305952033595,0.0010250652080971312,0.008634454936534013,0.0022765843716516074,0.330882204416841,0.2882933923894159,1.037276765425172,0.04504040806046505,0.0024850198150484135,0.0065776812577389675,1.001803536823419,0.00470528924847375,0.23501759701858424,0.0010982600814937252,0.053467843631778054,0.009131837069473731,0.9881640731116912,0.0019967903748086104,0.09777225528638986,0.015481308552516497,0.12103056886198557,0.013963283600824395,0.6253720050441361,0.003479174427149264,0.6195403520140532,0.004387423654332845,0.43719184806522354,0.0018813941617657694,0.2094354282349443,0.0032732287128516614,7.534273843931904e-05,5.5500482555606836e-05,0.011709539340315071,0.0007341035394618501
HGB,RUS,PLATT,0.6711749458293745,0.002271712897996996,0.3849746568936748,0.006564735329377001,0.1675411033711613,0.0005132392304207944,0.06925015852203353,0.002858231371428636,0.5113318280125294,0.0010054843432414258,0.0036452944561762048,0.0014633371886338213,0.007645697144471972,0.002681536963684944,0.29808845064357803,0.31451035227059365,1.0037897373794447,0.01693706855144889,-0.0007882421919748111,0.00600736541462538,0.9994498066853327,0.004282455544404179,0.23557040745500668,0.0010135361617606069,0.0598234552332913,0.007978270526425456,0.9864243046919329,0.001825463662212765,0.10825715820021146,0.013107848343957918,0.1268092000507156,0.009656011927522455,0.6251702395964691,0.004180094865871926,0.6191829293226958,0.0017479801193245284,0.43689894127939255,0.0022837672212479908,0.2089395412905893,0.003578091424489483,5.8849507720086926e-05,3.708779634307072e-05,0.011823654501810213,0.0007070404906479162
HGB,RUS,ISO,0.6708183811481898,0.0022715147760099747,0.3758503456110558,0.005367958017862353,0.16767273100000465,0.0005516364712892228,0.06851891491681425,0.0030732391489080475,0.5129030723665415,0.0013921077452579398,0.0046974143290770525,0.0020340651941261347,0.009214572985977392,0.0028802128169192814,0.2843416672884561,0.16823668295528826,0.9447690919407172,0.030107418478425883,-0.0008618936992876613,0.006061049916111547,0.9993992711989602,0.004302072830464892,0.2355823521477854,0.0010184598302105834,0.08539722572509459,0.023621157145549666,0.9778193962775882,0.008456751514468633,0.1463811202306237,0.03443389162935085,0.14194869343507324,0.015532027021593883,0.6257250945775537,0.05587590496957353,0.6182957106418864,0.05383749780668554,0.4365298791971305,0.004699788997907704,0.20963542273705657,0.004698689766825774,0.00012532890223346339,5.8005886796439386e-05,0.011649164289809617,0.0007573791143524765
HGB,SMOTE,UNCAL,0.6708342172903291,0.003403473676797658,0.38230680059696115,0.007242757880343672,0.16796893211255762,0.0007854467681985418,0.06687344207585003,0.004361956731042125,0.5122623064576782,0.0019030334667617039,0.011601676972911597,0.0032555875689504617,0.012821537376434395,0.0026036448151708883,0.1845157766557732,0.0840053544395724,0.9114163296648048,0.05463121952384909,-0.03197362513698213,0.005775656516179434,0.9778855977887794,0.004051884557426739,0.2407649242943533,0.000995263015597299,0.0883732660781841,0.006114649943186904,0.9753960205422153,0.0020084821336221266,0.151220243346271,0.00899184617973312,0.13868522038220504,0.00675007944486266,0.632484237074401,0.006247911510660798,0.615393182121279,0.006046693817659155,0.4390031929290112,0.0024699696464377777,0.21172909385333746,0.004050783025382189,0.0003502059541499439,0.0001480687770963687,0.011730959942793766,0.0005759846129236667
HGB,SMOTE,PRIOR,0.6708342172903291,0.003403473676797658,0.38230680059696115,0.007242757880343672,0.18987777211106724,0.0004103105321807005,-0.05483790528091257,0.002291483486603884,0.601586693572641,0.0022194006520137523,0.14005592544861278,0.00023595254464868094,0.13999900367057777,0.00024619319222523363,0.4284263267608825,0.18758690075704454,0.9117011974755588,0.054762556626872946,1.145885633078731,0.005779276396033477,2.4669192923707253,0.006475963863338965,0.09543832223596005,0.0002533449724959105,0.00201765447667087,0.001055056779992529,0.9997204064459504,0.00020252155645052132,0.004021594376244587,0.002099418677120313,0.027950285990511824,0.011282750013614635,0.0883732660781841,0.006114649943186904,0.9753960205422153,0.0020084821336221266,0.151220243346271,0.00899184617973312,0.13868522038220504,0.00675007944486266,0.021357755502990437,0.0002979308406343639,0.009683419392185736,0.0004446341098891535
HGB,SMOTE,PLATT,0.6708342172903291,0.003403473676797658,0.38230680059696115,0.007242757880343672,0.16777546836242235,0.0006897178744681384,0.06794819762710261,0.003831060231830012,0.5118272981393812,0.0016526267505807336,0.007328781403135839,0.0015996638583524638,0.009082477598722419,0.0023730856826586514,0.29987009200448866,0.29360334003172667,0.9839680984429309,0.034752846188587705,-0.0011799450226733222,0.008046475766072392,0.9991834586989121,0.0057275681278826035,0.23563592798102917,0.0013521615198032765,0.0673392181588903,0.003350650758029361,0.9828673162919899,0.0012131905235209285,0.11991164273181462,0.005440391766971902,0.12705299572567427,0.0065896585556989755,0.6172509457755359,0.009184968963902999,0.6283783364710596,0.004544377925472691,0.4371196582718578,0.0031701576863200093,0.2105396998485462,0.00438597745021109,0.0001329227966195987,6.624336529245818e-05,0.011666882265727627,0.0007861095177607042
HGB,SMOTE,ISO,0.6698701096441869,0.0036972390035727447,0.37205091802021845,0.0067955403074355875,0.1680616759495266,0.0007696701121082084,0.06635823204731835,0.004270319325207776,0.5131632794804781,0.00221421347528993,0.008110025198897548,0.003272247448235875,0.012225290025367595,0.0036710809313909095,0.21597527789563284,0.20499097408381808,0.931107818359995,0.04194079501773063,-0.0009315382049714759,0.007585706283406868,0.9993569071882373,0.0053871947096867925,0.23559431900802105,0.0012724991021297938,0.0730390920554855,0.01789833384361799,0.9803353353598245,0.0056540735430654025,0.12781089040577928,0.027097885396866896,0.12779595041553152,0.01510538093825873,0.6414627994955864,0.023134802930943325,0.6051727059444644,0.02240965904355538,0.4387789595479279,0.003406752534113917,0.21038980265331358,0.0050223129110932374,0.00020281186112870242,0.00012407648005453303,0.01145017860374169,0.0006244314520118712
