model,strategy,calibration,AUC,PR_AUC,Brier,BSS,LogLoss,ECE,ECE_adaptive,MCE,Cal_slope,Cal_intercept,OE_ratio,Mean_pred,Obs_prev,Spiegelhalter_Z,Spiegelhalter_p,Reliability,Resolution,Uncertainty,Sens_t05,Spec_t05,Prec_t05,F1_t05,MCC_t05,Sens_tprev,Spec_tprev,Prec_tprev,F1_tprev,MCC_tprev
LR,NONE,UNCAL,0.6583120320825239,0.3670683073955753,0.16978857809644926,0.0567646613967413,0.5171882076385597,0.009848972515700782,0.011023554191931116,0.2417210738230765,0.88308598438315,-0.0056384109965290806,0.9960187861085789,0.23637839853838374,0.23543732557449082,1.633206192536725,0.10242563802107854,0.00027173148961170805,0.010013820040267891,0.18000659130082203,0.06532156368221942,0.9808170239204722,0.5118577075098815,0.1158577499440841,0.11466781781446843,0.6017654476670871,0.6289220254737496,0.3330541596873255,0.4287896486656482,0.19796478049253027
LR,NONE,PRIOR,0.6583120320825239,0.3670683073955753,0.16978857809644926,0.0567646613967413,0.5171882076385597,0.009848972515700782,0.011023554191931116,0.2417210738230765,0.88308598438315,-0.0056384109965290806,0.9960187861085789,0.23637839853838374,0.23543732557449082,1.633206192536725,0.10242563802107854,0.00027173148961170805,0.010013820040267891,0.18000659130082203,0.06532156368221942,0.9808170239204722,0.5118577075098815,0.1158577499440841,0.11466781781446843,0.6017654476670871,0.6289220254737496,0.3330541596873255,0.4287896486656482,0.19796478049253027
LR,NONE,PLATT,0.6583120320825239,0.3670683073955753,0.1695986996366379,0.05781950310247663,0.5167449133366024,0.005765013311247929,0.007832938131775786,0.35367449795167893,0.9776785912570358,0.0011435150110495286,1.0008208918241988,0.23524421552127936,0.23543732557449082,0.46786485373898345,0.6398812387084394,0.00015319839782220948,0.009633368836479788,0.18000659130082203,0.04539722572509458,0.9864088226157192,0.5070422535211268,0.08333333333333334,0.09393987332836998,0.6030264817150063,0.6274464119291705,0.33263772954924875,0.4287635613736214,0.19769548322732428
LR,NONE,ISO,0.6578344041741442,0.35935026634995165,0.16971118302229146,0.05719461828664463,0.5178177245631368,0.007710744051731339,0.011492122214225714,0.5,0.9306801896804459,0.00041904899573998633,1.0002998709028246,0.23536674593589213,0.23543732557449082,0.7956389353077796,0.42624192916005677,0.00020265573997574357,0.009633326504265842,0.18000659130082203,0.0416141235813367,0.9872631251941597,0.5015197568389058,0.07685142058686541,0.08852584995056602,0.516015132408575,0.7017707362534948,0.3476044852191641,0.4153893005786214,0.1937873645731613
LR,CSL,UNCAL,0.65827507073974,0.36611517873124466,0.23018793300457624,-0.2787750234095181,0.652577831750208,0.24052148644905352,0.2405214864490541,0.36100113336048634,0.8698902495471645,-1.1834592412740648,0.4946590327291685,0.47595881202354484,0.23543732557449082,3.7108265543302013,0.00020658361666733694,0.060574715734693974,0.01012624749572495,0.18000659130082203,0.6032786885245902,0.6282230506368437,0.3331940381668756,0.42928930366116297,0.1986098779863998,0.9833543505674653,0.06515998757378068,0.24466616465863453,0.3918396060499472,0.09127844660644387
LR,CSL,PRIOR,0.65827507073974,0.36611517873124466,0.16991821557731032,0.05604447954159797,0.5174701022543524,0.011027424783147425,0.011979242762544088,0.12645177789256712,0.8701469589764047,-0.005599982924314252,0.9960523456970803,0.236370434336683,0.23543732557449082,1.8846290394265344,0.05947993884633798,0.00031417244806052264,0.01000555762212516,0.18000659130082203,0.06683480453972257,0.9801957129543336,0.5096153846153846,0.11817168338907467,0.11534978333203802,0.6032786885245902,0.6282230506368437,0.3331940381668756,0.42928930366116297,0.1986098779863998
LR,CSL,PLATT,0.65827507073974,0.36611517873124466,0.1696828933291489,0.057351777493638845,0.5169132990117274,0.004247059392212893,0.008246652029431454,0.3510526764163553,0.9744949164785225,0.0011423766008081455,1.0008200556387377,0.235244412067893,0.23543732557449082,0.5211687589986044,0.6022492152494656,0.0001517009550988393,0.009547644250682299,0.18000659130082203,0.04514501891551072,0.9864088226157192,0.5056497175141242,0.08288955776800185,0.09332368303238275,0.6050441361916772,0.6264367816091954,0.3327784713552504,0.4293896545552175,0.19848675230652643
LR,CSL,ISO,0.6578191456229896,0.3588334789384073,0.16972578346649972,0.05711350767784562,0.5171700734812136,0.006009156277473015,0.009743862332673844,0.9384648630603689,0.9428389661999912,0.0015795315103035936,1.0011314559370499,0.2351712396791325,0.23543732557449082,0.815268253799044,0.414918776339669,0.00012482126815167193,0.009707245733349383,0.18000659130082203,0.029255989911727617,0.9927772600186393,0.5550239234449761,0.05558217537134643,0.08443942347825294,0.56796973518285,0.657502329916123,0.33803662563794656,0.4238261033217277,0.1956365299467817
LR,ROS,UNCAL,0.6570459640838385,0.36445579843529163,0.23021944075115983,-0.2789500600365431,0.6527281893912656,0.2400593206373191,0.24005932063731858,0.35128461051430454,0.8607441524438575,-1.1812954390288886,0.4951398236983891,0.4754966462118098,0.23543732557449082,3.7453851114629635,0.00018011726126612534,0.0604327562098907,0.009922894629511353,0.18000659130082203,0.5967213114754099,0.6251941596769183,0.32897664071190214,0.4241283499148517,0.19034157912489647,0.9841109709962169,0.06593662628145387,0.24496201895913114,0.39227907911933246,0.09382177324550839
LR,ROS,PRIOR,0.6570459640838385,0.36445579843529163,0.17012523165701687,0.054894432322712516,0.5181232550239147,0.009186673704246938,0.010645539822264072,0.1609982135410729,0.8612032579565413,-0.0034361806791379664,0.9975749934561255,0.2360096505214228,0.23543732557449082,2.1032650320785042,0.035442608340021324,0.0003914138668126565,0.009801028718197545,0.18000659130082203,0.06633039092055486,0.9790307548928239,0.49343339587242024,0.11694086260560249,0.10993402781412358,0.5967213114754099,0.6251941596769183,0.32897664071190214,0.4241283499148517,0.19034157912489647
LR,ROS,PLATT,0.6570459640838385,0.36445579843529163,0.16987142477926975,0.056304418901053865,0.5174880338060809,0.004301136144544219,0.006957137431798996,0.333476844314319,0.9714426237809547,0.001047415731464886,1.0007525651334415,0.2352602768928175,0.23543732557449082,0.5338561264596049,0.593441078469299,0.00021847784974118135,0.009570122634119585,0.18000659130082203,0.04489281210592686,0.9864088226157192,0.5042492917847026,0.08244557665585919,0.092705981626286,0.6007566204287516,0.6208449829139484,0.3279185022026432,0.4242586160833556,0.18983763581625204
LR,ROS,ISO,0.6561503713567026,0.35630685677779966,0.17000780154855347,0.055546797925631886,0.5179979624591015,0.004150286962521117,0.011054686863633877,0.10470378733970487,0.9333531519983496,0.00044571828164262394,1.0003191657310486,0.23536220602394398,0.23543732557449082,0.9114930812595983,0.36203562941772005,8.744908126672699e-05,0.009541453553066,0.18000659130082203,0.0317780580075662,0.9916899658278968,0.5407725321888412,0.06002858504049547,0.08524167438311346,0.5399747793190416,0.6800248524386455,0.34195815364957677,0.41873655388226094,0.19313871961129872
LR,RUS,UNCAL,0.654994345130015,0.36331309086805297,0.2326311797452756,-0.2923481193891886,0.6583707054043884,0.24287135340403088,0.2428713534040312,0.354631639995993,0.8049896117325137,-1.2048952762408436,0.49222883865977873,0.47830867897852203,0.23543732557449082,7.7986017849894465,6.2596853033418915e-15,0.06257850401908249,0.009756448497455897,0.18000659130082203,0.598234552332913,0.6156415035725381,0.32399945362655375,0.4203437887648414,0.1830503522220586,0.9818411097099622,0.07160608884746816,0.24566163942702088,0.3929941449626489,0.09622109728703568
LR,RUS,PRIOR,0.654994345130015,0.36331309086805297,0.17065287081479702,0.051963211004831145,0.5195282419320119,0.01628919716262597,0.01748015161906598,0.24857134606716913,0.8052075879513154,-0.027036017891093028,0.9812969220504628,0.239924655100858,0.23543732557449082,2.2604825670902495,0.0237913171856,0.0006493643398271231,0.00957838923152277,0.18000659130082203,0.08423707440100883,0.9741379310344828,0.5007496251874063,0.14421416234887738,0.12698937258962414,0.598234552332913,0.6156415035725381,0.32399945362655375,0.4203437887648414,0.1830503522220586
LR,RUS,PLATT,0.654994345130015,0.36331309086805297,0.17005592603959627,0.055279449431918204,0.5180611914897654,0.004675053700267575,0.006361974693971908,0.34723983976371586,0.9644764578388579,0.0020054328310601687,1.0014419107545898,0.23509833475721825,0.23543732557449082,0.6669075480841812,0.504831189274958,0.00017336734799930942,0.0092348496270965,0.18000659130082203,0.044640605296343,0.9864864864864865,0.5042735042735043,0.08202038924930492,0.09244570527044402,0.5916771752837326,0.623174899036968,0.32592386774103915,0.4203171190540177,0.18426363159804734
LR,RUS,ISO,0.6546763639754027,0.3545571618074138,0.17015951473379354,0.054703977759194,0.5183954558374707,0.006298411818861075,0.00764294112989126,0.22857142857142854,0.9301272744435539,0.0016617691714896862,1.0011914430367697,0.23515714922649833,0.23543732557449082,0.9937641614639219,0.3203376977356832,9.792252308075794e-05,0.009359217547896941,0.18000659130082203,0.042118537200504416,0.9878844361602982,0.5170278637770898,0.07789179104477613,0.09281034438304915,0.5546027742749055,0.6600652376514445,0.3343978102189781,0.41722796698605447,0.18668913134359294
LR,SMOTE,UNCAL,0.645336093583691,0.3559486254019727,0.23212396555387044,-0.2895303659517183,0.6562824970297789,0.23634448860248883,0.2363444886024882,0.333867107956484,0.7387517257395304,-1.1820987379836594,0.49903857779090083,0.47178181417697934,0.23543732557449082,9.071946580197963,1.169094181760766e-19,0.06099937815765021,0.0088345877093966,0.18000659130082203,0.5919293820933165,0.6126902764833799,0.32001636214889556,0.4154349942472785,0.17509237584513326,0.9740226986128625,0.09389561975768872,0.24869598815120098,0.3962244793269724,0.10751284189600895
LR,SMOTE,PRIOR,0.645336093583691,0.3559486254019727,0.17196611731909572,0.044667664242857064,0.5235160320409165,0.021797274329167164,0.023623171393681995,0.42386286179861465,0.7393030719255524,-0.0042394796339088915,0.9970435942421703,0.2361354377422597,0.23543732557449082,4.429893545065973,9.427961634418655e-06,0.0009714292880363761,0.008727820265888234,0.18000659130082203,0.08020176544766709,0.9774774774774775,0.5230263157894737,0.13907719221517603,0.13118387258250283,0.5919293820933165,0.6126902764833799,0.32001636214889556,0.4154349942472785,0.17509237584513326
LR,SMOTE,PLATT,0.645336093583691,0.3559486254019727,0.1710305739048323,0.04986493733992914,0.5207971453273893,0.0044282198286714385,0.007308503680316726,0.3324278095894837,0.9822457496615445,0.0004860570610183566,1.0003524110245947,0.2353543840948491,0.23543732557449082,0.24809715884049155,0.8040592338291765,6.130837745521882e-05,0.008445165369201205,0.18000659130082203,0.031525851197982346,0.9913793103448276,0.5296610169491526,0.05950964056177101,0.08267419929673821,0.6065573770491803,0.6010406958682821,0.318880933439406,0.41800643086816713,0.17712261266550505
LR,SMOTE,ISO,0.6449479015476755,0.34655450454568354,0.1710483812817896,0.049766011090459084,0.521685506806109,0.0037041642610889597,0.007867913517760767,0.5,0.9282787022854709,0.0003853874466187736,1.000278281659666,0.23537182591213737,0.23543732557449082,0.671968113109949,0.5016039963489742,7.336516382183315e-05,0.008393367297673607,0.18000659130082203,0.029760403530895336,0.9920782851817335,0.5363636363636364,0.05639187574671446,0.08160160908672742,0.5730138713745271,0.6328052190121156,0.32457142857142857,0.4144094847241222,0.1771858753382691
RF,NONE,UNCAL,0.6545692994816794,0.36690571910481395,0.17030987639115833,0.053868665806013794,0.5191584900112454,0.017739756755129264,0.017989108027817703,0.12788394995799834,1.3218251086801893,-0.013977739662460789,0.9897452514667956,0.23787669122491303,0.23543732557449082,-2.887903934696658,0.0038781829674786666,0.0005317564986994803,0.009275690508037395,0.18000659130082203,0.012610340479192938,0.9979807393600497,0.6578947368421053,0.024746349913387776,0.0670415037049131,0.6242118537200504,0.5951382416899659,0.3219302809573361,0.4247833176006179,0.1868363992862804
RF,NONE,PRIOR,0.6545692994816794,0.36690571910481395,0.17030987639115833,0.053868665806013794,0.5191584900112454,0.017739756755129264,0.017989108027817703,0.12788394995799834,1.3218251086801893,-0.013977739662460789,0.9897452514667956,0.23787669122491303,0.23543732557449082,-2.887903934696658,0.0038781829674786666,0.0005317564986994803,0.009275690508037395,0.18000659130082203,0.012610340479192938,0.9979807393600497,0.6578947368421053,0.024746349913387776,0.0670415037049131,0.6242118537200504,0.5951382416899659,0.3219302809573361,0.4247833176006179,0.1868363992862804
RF,NONE,PLATT,0.6545692994816794,0.36690571910481395,0.1698304601142402,0.056531992040090184,0.5176169454742823,0.005359163431898551,0.007688923895597261,0.05423387984985084,0.9585738838842737,-0.0017184740099519952,0.9987684761059449,0.23572762978305764,0.23543732557449082,0.5065038997528842,0.6125029527182134,5.499897464930377e-05,0.00970630719364961,0.18000659130082203,0.048171500630517027,0.986874805840323,0.5305555555555556,0.08832369942196533,0.10280430565692374,0.5924337957124842,0.6220876048462255,0.3255717255717256,0.4202146690518784,0.18392535677546448
RF,NONE,ISO,0.6533308888311715,0.3567609224224155,0.17028743745818736,0.05399332198003948,0.5195919600264229,0.00872477603701637,0.014886778022751774,0.22341286986686315,0.8926351180879768,-0.0020061993794872,0.9985706246216184,0.2357743356046584,0.23543732557449082,1.3518856448079422,0.17641190046454558,0.00022032633868649117,0.00937169656285192,0.18000659130082203,0.04514501891551072,0.9874961168064617,0.5264705882352941,0.08315911730545877,0.09846519616140852,0.5621689785624212,0.6495806150978565,0.33066310636404095,0.4164020175602466,0.18336304608351892
RF,CSL,UNCAL,0.6536415639015978,0.36386359813587255,0.19163815279978968,-0.06461741992285885,0.5705078854119073,0.1468761129612416,0.14687611296124095,0.3324218173815052,1.3108422798960424,-0.7260215672775618,0.6158227826785805,0.38231343853573185,0.23543732557449082,-32.34283716542689,1.7494312127312304e-229,0.02164450591036479,0.009216398233575614,0.18000659130082203,0.22597730138713745,0.9033861447654551,0.41869158878504675,0.29352989352989356,0.16479473437136719,0.9828499369482976,0.06593662628145387,0.2447249434815373,0.39187490572678363,0.09122241235066973
RF,CSL,PRIOR,0.6536415639015978,0.36386359813587255,0.1763867509789813,0.020109487634213163,0.5359256261072551,0.06968953004603329,0.06966466518837552,0.4747653330297268,1.3106955602359363,0.4518376910721887,1.4202421860523538,0.1657726603861153,0.23543732557449082,22.85029791477083,1.4514552369819696e-115,0.006151337967364203,0.00827164448015282,0.18000659130082203,0.001008827238335435,0.9999223361292326,0.8,0.0020151133501259445,0.022931554786533373,0.22597730138713745,0.9033861447654551,0.41869158878504675,0.29352989352989356,0.16479473437136719
RF,CSL,PLATT,0.6536415639015978,0.36386359813587255,0.1701039121483635,0.05501286970047359,0.5181484773174808,0.008089446689087513,0.008867513689925485,0.3401218763923717,0.9413887811815552,-0.0026644080680098,0.9980942609728113,0.23588686437793704,0.23543732557449082,0.7781148408009472,0.43650131439071493,0.00014036208055527843,0.00920751474835287,0.18000659130082203,0.05220680958385877,0.9860981671326499,0.5362694300518135,0.09515054010572283,0.10859871510091819,0.5858764186633039,0.6211556383970177,0.3225940841549785,0.416084542360738,0.1775475789853163
RF,CSL,ISO,0.6528910939029651,0.35495582269607906,0.17040841801100498,0.05332123240852249,0.520161510361503,0.009451562129648447,0.012109229978676918,0.5,0.8780292567962603,-0.002916766005297852,0.9979224306830167,0.2359274812706118,0.23543732557449082,1.3699090381773404,0.170715298000379,0.0002728418962827782,0.009093355869224847,0.18000659130082203,0.0416141235813367,0.9897483690587139,0.5555555555555556,0.07742843735335524,0.10109371745510438,0.6116015132408575,0.5988661074867971,0.3194993412384717,0.4197317178710515,0.17946598335231131
RF,ROS,UNCAL,0.6600023230605481,0.3702529089992312,0.2026399741245335,-0.12573641142888592,0.5942812156457346,0.18262586899742805,0.18262586899742814,0.1892036854124906,1.3673809962592882,-0.8818862749912129,0.5631620497364515,0.41806319457191904,0.23543732557449082,-32.51573365994426,6.390514691247988e-232,0.033470156383901634,0.010107357898298093,0.18000659130082203,0.34779319041614126,0.8325566946256602,0.3900990099009901,0.36773333333333336,0.18789251561108689,0.9957124842370744,0.03215284249767009,0.24058500914076783,0.3875337423312884,0.07486576970189734
RF,ROS,PRIOR,0.6600023230605481,0.3702529089992312,0.17282641158458004,0.0398884266645696,0.5248777603989772,0.05037860953410912,0.05085444895382619,0.3781577522832935,1.3693875334468737,0.29597298335853767,1.253687607913551,0.1877958464998448,0.23543732557449082,13.799272135020619,2.57438776353911e-43,0.0033870278289451303,0.008961303602968535,0.18000659130082203,0.0017654476670870113,0.999767008387698,0.7,0.0035220125786163525,0.026689789541560458,0.34779319041614126,0.8325566946256602,0.3900990099009901,0.36773333333333336,0.18789251561108689
RF,ROS,PLATT,0.6600023230605481,0.3702529089992312,0.16925107829349648,0.05975066207076407,0.515587709589053,0.006285807535617694,0.009983597314410725,0.17601889525537096,0.9829617050001033,-0.0017634704763485227,0.9987383601324544,0.23573473791801358,0.23543732557449082,0.3224934738776806,0.7470788809872015,9.776255800367326e-05,0.009852641401913147,0.18000659130082203,0.05094577553593947,0.9862534948741846,0.5329815303430079,0.09300184162062615,0.10641077306490018,0.6037831021437579,0.6170394532463498,0.3268259385665529,0.42409211691762627,0.18898375761284694
RF,ROS,ISO,0.6592828304671154,0.3612221098069504,0.1695184264137567,0.0582654491220147,0.5168836766103849,0.008815522496034175,0.01376273528381867,0.8250758584739257,0.9203442913005762,-0.0014198986191927415,0.9989896062104286,0.23567545058611747,0.23543732557449082,1.0726723738887949,0.2834181397074894,0.00016203484828373086,0.009735263491099573,0.18000659130082203,0.027994955863808322,0.994408201304753,0.6065573770491803,0.05351976856316297,0.09168205343159722,0.5563682219419924,0.6651133892513202,0.3384473764958576,0.4208718878183726,0.19292549013897292
RF,RUS,UNCAL,0.6548763508910483,0.36208898129312295,0.23253394968952498,-0.29180797219208876,0.6573644726748887,0.24983341969716338,0.24983341969716266,0.2558997640010827,1.3811102156778652,-1.1615545384143109,0.48516694622234746,0.4852707452716536,0.23543732557449082,-9.902482503393953,4.060679400667747e-23,0.06253536147701616,0.009381073852319878,0.18000659130082203,0.5974779319041614,0.6232525629077353,0.3281163434903047,0.42360303978542696,0.1892324928493677,0.9994955863808322,0.005358807082945014,0.23631484794275492,0.3822522305280926,0.031787132229786845
RF,RUS,PRIOR,0.6548763508910483,0.36208898129312295,0.17068455869379998,0.05178717367878671,0.5198864523007201,0.01879040047230178,0.021700949863251356,0.06693174261742871,1.3810996697728908,0.01630471993543951,1.0121795539514131,0.23260430884557498,0.23543732557449082,-1.3972786897416754,0.16232978154412703,0.0005854265594102623,0.008617917492414915,0.18000659130082203,0.005044136191677175,0.9989127058092575,0.5882352941176471,0.010002500625156287,0.03740039855447448,0.5974779319041614,0.6232525629077353,0.3281163434903047,0.42360303978542696,0.1892324928493677
RF,RUS,PLATT,0.6548763508910483,0.36208898129312295,0.1700640763498669,0.05523417158841415,0.5178916208964651,0.006841719800188267,0.009892578417718874,0.810963885646695,0.9589159773965515,-0.002338452144377785,0.9983239960641479,0.23583258190997408,0.23543732557449082,0.5758636465276085,0.5647073493618692,0.00015898760389368327,0.009156340210733279,0.18000659130082203,0.044136191677175286,0.9862534948741846,0.4971590909090909,0.08107482047718324,0.09013009104018953,0.5979823455233292,0.6227865796831314,0.3280298837852795,0.42365764316983834,0.1892393641169805
RF,RUS,ISO,0.6544459970689478,0.3543981266728877,0.17049175416865686,0.052858270707788924,0.5202988261002796,0.010100378700089186,0.01022204699820818,0.33333333333333337,0.8861795038048565,-0.0008231469379448769,0.9994121061100668,0.2355758191591905,0.23543732557449082,1.3479295377910117,0.1776810466712826,0.0004345797814135469,0.008876759268763867,0.18000659130082203,0.025220680958385876,0.9933985709847779,0.5405405405405406,0.048192771084337345,0.07578846099240194,0.623203026481715,0.5999534016775396,0.32419312516399895,0.4265124708725296,0.19021514891610064
RF,SMOTE,UNCAL,0.6470842064397745,0.3574204057641917,0.1758454655374349,0.023116518863651847,0.5345264615652412,0.06944328563724073,0.06941578893358491,0.09763391466939952,1.3477686604842574,-0.364967979717201,0.7722975897897668,0.3048531145080759,0.23543732557449082,-20.667482338316216,6.797060478128077e-95,0.004993316549939803,0.00822784282560238,0.18000659130082203,0.04741488020176545,0.9861758310034172,0.5136612021857924,0.08681597783421843,0.09774128055273895,0.8912988650693568,0.23431189810500155,0.2638691853953558,0.4071897684064985,0.1320737080531629
RF,SMOTE,PRIOR,0.6470842064397745,0.3574204057641917,0.18632275188460728,-0.035088496138621306,0.5720593118434613,0.11320096447464993,0.11320096447464979,0.5765432113055613,1.3487382407427009,0.8128912786325495,1.9260825785069702,0.12223636109984098,0.23543732557449082,44.04781204945982,0.0,0.01475137990721358,0.0067231293224588986,0.18000659130082203,0.0005044136191677175,0.9999223361292326,0.6666666666666666,0.0010080645161290322,0.013566864067191072,0.04741488020176545,0.9861758310034172,0.5136612021857924,0.08681597783421843,0.09774128055273895
RF,SMOTE,PLATT,0.6470842064397745,0.3574204057641917,0.1708743827504956,0.05073263420151619,0.5206190487833585,0.002972417402906791,0.0057648853897852795,0.17544140206074477,0.9795694850909054,-0.0008617757002321263,0.9993764091032317,0.23558423375808452,0.23543732557449082,0.2224925303986797,0.8239304874383719,6.970916786651335e-05,0.008562643191586884,0.18000659130082203,0.03430012610340479,0.9896707051879465,0.5055762081784386,0.06424185167690127,0.08112067819333803,0.5984867591424968,0.6147095371233302,0.32356149440959914,0.42003717143110014,0.18243137680036123
RF,SMOTE,ISO,0.6453069671837338,0.3477061202050483,0.1712628330231703,0.04857465615267054,0.5224997502911389,0.008964073364059756,0.00815354028361596,0.33333333333333337,0.9079912338159328,-0.0012325792257342843,0.9991121372405797,0.2356465473682851,0.23543732557449082,0.8893365030903398,0.37382225911197975,0.0001975769766721282,0.00816860526479685,0.18000659130082203,0.04085750315258512,0.9881950916433675,0.5159235668789809,0.07571862584716056,0.09112450226922585,0.5535939470365699,0.653619136377757,0.32982719759579265,0.4133709981167608,0.1798263739827794
HGB,NONE,UNCAL,0.6728249219345883,0.38224944429636265,0.16761626481863465,0.06883262658688427,0.511118502294749,0.006727218951935188,0.012432804644942895,0.8098907358707331,1.0169759895498702,0.0005637336761641562,1.000401479337108,0.23534284028697927,0.23543732557449082,0.019580323704846393,0.9843781602338784,0.00011188155890922766,0.011389986678444732,0.18000659130082203,0.06582597730138713,0.9833022677850264,0.5483193277310925,0.11754109434811978,0.12577138679141042,0.6141235813366961,0.6305529667598633,0.3385706340378198,0.43649726629022134,0.20986423478135768
HGB,NONE,PRIOR,0.6728249219345883,0.38224944429636265,0.16761626481863465,0.06883262658688427,0.511118502294749,0.006727218951935188,0.012432804644942895,0.8098907358707331,1.0169759895498702,0.0005637336761641562,1.000401479337108,0.23534284028697927,0.23543732557449082,0.019580323704846393,0.9843781602338784,0.00011188155890922766,0.011389986678444732,0.18000659130082203,0.06582597730138713,0.9833022677850264,0.5483193277310925,0.11754109434811978,0.12577138679141042,0.6141235813366961,0.6305529667598633,0.3385706340378198,0.43649726629022134,0.20986423478135768
HGB,NONE,PLATT,0.6728249219345883,0.38224944429636265,0.167646723200711,0.0686634195492073,0.5111322270070061,0.006916255986714869,0.013361619380340434,0.8262385348466673,0.9738423538040345,0.0025198911450703826,1.001785528417388,0.23501769480183313,0.23543732557449082,0.7433769849962031,0.45725347426327867,0.0001622359977831802,0.01156120832113729,0.18000659130082203,0.07162673392181589,0.9807393600497049,0.5338345864661654,0.12630642650655993,0.12702604548925944,0.6113493064312736,0.63412550481516,0.33973370707778555,0.43675675675675674,0.21076664496453867
HGB,NONE,ISO,0.671718686769563,0.37267127009807843,0.16804720315219684,0.06643861239858151,0.5143364568665075,0.00832952906174946,0.016019024883458115,1.0,0.891446717850753,0.003424171071142946,1.0024189870261855,0.2348691800750385,0.23543732557449082,1.3891494702738216,0.1647873032725764,0.0003324986167977983,0.011391554100619206,0.18000659130082203,0.06834804539722572,0.982447965206586,0.545271629778672,0.12147019273868219,0.12734570845384466,0.5455233291298865,0.6854613233923579,0.34814099468855625,0.42503438789546083,0.20310413012167136
HGB,CSL,UNCAL,0.6717261887273194,0.37869320318894273,0.22130546184828623,-0.22942976837135176,0.6319967368492453,0.22647874591127534,0.22647874591127562,0.9181795618082694,0.9812305255805361,-1.1186212586356001,0.5096971941617012,0.46191607148576613,0.23543732557449082,-4.021846419118299,5.7743705108763036e-05,0.05349524996829402,0.011536860507612068,0.18000659130082203,0.5977301387137453,0.646551724137931,0.3424360641525791,0.4354216424765754,0.2106507658134138,0.9793190416141235,0.08597390493942218,0.2480833120368004,0.3958811235153183,0.10814401787600832
HGB,CSL,PRIOR,0.6717261887273194,0.37869320318894273,0.1678837498318882,0.06734665314935318,0.5118385266029183,0.010669633975115434,0.00977593492060809,0.12662300419892158,0.9812103234229709,0.0592379997141504,1.0433212562072804,0.2256613906538828,0.23543732557449082,3.1458473346645413,0.0016560642481611544,0.00016309499695454265,0.011301994021450101,0.18000659130082203,0.04766708701134931,0.9889717303510407,0.5709969788519638,0.08798882681564246,0.11198658296411733,0.5977301387137453,0.646551724137931,0.3424360641525791,0.4354216424765754,0.2106507658134138
HGB,CSL,PLATT,0.6717261887273194,0.37869320318894273,0.16779283748851967,0.06785170322952827,0.5115672166091726,0.004833762642644969,0.0035827065694157955,0.14359165037698496,0.9690542048589595,-0.0016065580126350721,0.9988610248274359,0.2357057886157538,0.23543732557449082,0.38827384736150344,0.6978133888654436,5.7115788752272675e-05,0.01127868372889935,0.18000659130082203,0.058007566204287514,0.9854768561665114,0.5515587529976019,0.10497489730716568,0.1187239369530599,0.6363177805800757,0.6105933519726623,0.3347485737030649,0.4387063119457486,0.21067773609982737
HGB,CSL,ISO,0.6707229242983906,0.3704488183014411,0.16826142280375006,0.06524854680151004,0.5135837150652675,0.007521305565226548,0.009456510709095459,0.5957820146477075,0.9084747176994089,-0.0023292646684922136,0.9983577559293617,0.23582460713727263,0.23543732557449082,1.1714792177973639,0.2414062065735314,0.00031087997644612655,0.011210846475829418,0.18000659130082203,0.05649432534678436,0.9860981671326499,0.5558312655086849,0.10256410256410256,0.11824100818755773,0.5904161412358133,0.6527648337993166,0.34365825014679974,0.4344437227428783,0.2102207300519566
HGB,ROS,UNCAL,0.6687772435652594,0.38168818558754525,0.21224533675098198,-0.17909758313396118,0.6118400774900287,0.2009333066752352,0.20093330667523554,0.4850369166752952,0.8443918900021933,-1.0277158927749126,0.5395352211506175,0.4363706322497263,0.23543732557449082,-5.055047533606289,4.3028358721024215e-07,0.04424661372515516,0.011996009083078941,0.18000659130082203,0.5389659520807062,0.6955576265921094,0.3528149248803038,0.42646178407503493,0.20733845881129767,0.955359394703657,0.14616340478409445,0.2562576106074956,0.4041179922120872,0.13148641743427678
HGB,ROS,PRIOR,0.6687772435652594,0.38168818558754525,0.16856029220782334,0.06358822202165892,0.5152429177592703,0.025334519371411953,0.02379155372066633,0.19745958909979722,0.8447937990241482,0.1501433655748379,1.1124121380374106,0.21164577185382444,0.23543732557449082,9.535315511850413,1.4943048057306741e-21,0.0007029422727520539,0.011457953474142728,0.18000659130082203,0.05649432534678436,0.9852438645542094,0.5410628019323671,0.10230646266270838,0.11435795786464185,0.5389659520807062,0.6955576265921094,0.3528149248803038,0.42646178407503493,0.20733845881129767
HGB,ROS,PLATT,0.6687772435652594,0.38168818558754525,0.16792153457333348,0.06713674560556693,0.5124780115992321,0.003909566545340485,0.007898892080158995,0.30015739676518566,0.9847355277943634,0.002041452319709289,1.0014560442427962,0.23509501682872727,0.23543732557449082,0.19869563950805605,0.8425008351860033,8.3347186254335e-05,0.011370014529854465,0.18000659130082203,0.05372005044136192,0.9867194780987885,0.5546875,0.09795355254081398,0.11494159433248209,0.6302648171500631,0.6106710158434296,0.33266773162939295,0.4354796549620981,0.20564499238945022
HGB,ROS,ISO,0.6686979049754629,0.3713879382179807,0.16808746926470433,0.06621491996478501,0.51364465062839,0.006731319101236521,0.009393126757990493,0.10430455225519719,0.9305266836510578,0.0028016128123654863,1.0019862889672673,0.23497060605205752,0.23543732557449082,0.9839092328853647,0.32516014361892465,0.00010821273861782906,0.011429020799259006,0.18000659130082203,0.06456494325346784,0.9838459148803976,0.5517241379310345,0.11560171596297134,0.12548120947666153,0.5952080706179067,0.6443771357564461,0.3401066436085891,0.4328686720469552,0.20652002708409806
HGB,RUS,UNCAL,0.6678818173306585,0.37690346217022136,0.22884362658270557,-0.2713069278683715,0.6490135778384457,0.2427651209753808,0.24276512097538094,0.9037516889062459,1.004730376510355,-1.1824163350059291,0.49233818704425425,0.47820244654987193,0.23543732557449082,0.3848847818418979,0.700322781341715,0.06056338972062052,0.011426739857929085,0.18000659130082203,0.6239596469104666,0.6143988816402609,0.33257158220190886,0.43388284812346545,0.2036457602342351,0.9886506935687264,0.05187946567256912,0.24305555555555555,0.3901856367889315,0.0853995077910537
HGB,RUS,PRIOR,0.6678818173306585,0.37690346217022136,0.16822175327653952,0.06546892499390766,0.5127380051758591,0.004830543233736921,0.010064024740487362,0.22075797164507516,1.004735577057071,-0.004557076656178648,0.9967538205351428,0.2362040864293732,0.23543732557449082,-0.1314036906230688,0.8954559692849472,4.9287228643012886e-05,0.01087722025381793,0.18000659130082203,0.05725094577553594,0.9862534948741846,0.5618811881188119,0.10391393911650264,0.12062677275263219,0.6239596469104666,0.6143988816402609,0.33257158220190886,0.43388284812346545,0.2036457602342351
HGB,RUS,PLATT,0.6678818173306585,0.37690346217022136,0.16822558473885993,0.06544763987155344,0.5127366289487935,0.0057606240442497885,0.010387755087833763,0.22319595514786073,0.9950184172829905,0.0022174536323666134,1.0015828148576154,0.23506526078720757,0.23543732557449082,0.32058468482213515,0.7485251452481656,6.067540039070526e-05,0.010970304044477613,0.18000659130082203,0.0575031525851198,0.9861758310034172,0.5615763546798029,0.10432395332875773,0.12081941612135219,0.6191677175283733,0.6182820751786269,0.3331071913161465,0.43317159241288045,0.2030730129412342
HGB,RUS,ISO,0.667476045641676,0.37023967635684335,0.1684805964950371,0.06403095976926199,0.5143804306603305,0.005116732528940274,0.01375701720212037,0.33725490196078467,0.9314684296009536,0.0026472573962828924,1.001882137656573,0.23499503257457463,0.23543732557449082,0.9244896710130119,0.35523142679945896,0.00019456968560130507,0.010750203474371325,0.18000659130082203,0.07364438839848676,0.9816713264989128,0.553030303030303,0.12997996884041843,0.1346718202091331,0.5818411097099622,0.6540074557315937,0.3411712511091393,0.43012957956558223,0.20412632321401084
HGB,SMOTE,UNCAL,0.6702385583391802,0.3757985685036051,0.16845189024470458,0.06419043309812777,0.5129323314505165,0.012284293418645485,0.012980412758710595,0.17554440103092617,0.9266446209613821,-0.038609823090681575,0.9732694472764886,0.24190354092930574,0.23543732557449082,-0.30563509378065257,0.7598824972900112,0.00036222152812960556,0.011505793628464234,0.18000659130082203,0.08196721311475409,0.9757688723205965,0.5102040816326531,0.14124293785310735,0.12840400839832367,0.6327868852459017,0.6133115874495185,0.3350694444444444,0.438138479001135,0.21011768789582
HGB,SMOTE,PRIOR,0.6702385583391802,0.3757985685036051,0.19031249489887467,-0.05725292348228339,0.6015483702340507,0.1397480465567211,0.13974804655672124,0.3635811283591446,0.9270553091182983,1.139249435259069,2.4604357770400767,0.09568927901776966,0.23543732557449082,64.12500565365949,0.0,0.021230695636249745,0.009147239925527663,0.18000659130082203,0.0025220680958385876,0.999767008387698,0.7692307692307693,0.005027652086475616,0.03496910005898404,0.08196721311475409,0.9757688723205965,0.5102040816326531,0.14124293785310735,0.12840400839832367
HGB,SMOTE,PLATT,0.6702385583391802,0.3757985685036051,0.16828711124551687,0.065105838461881,0.512635692180827,0.009235411145059358,0.010158674138202109,0.1759583203859818,0.9795991499554457,0.0016384064413573667,1.0011654116507378,0.23516326356730397,0.23543732557449082,0.6568989642956139,0.5112458842326678,0.0001830513128260485,0.011300351809430358,0.18000659130082203,0.06380832282471627,0.9819819819819819,0.5216494845360825,0.11370786516853931,0.11616524000572347,0.6065573770491803,0.6337371854613234,0.3377334644010673,0.4338805700883998,0.20637277216300598
HGB,SMOTE,ISO,0.6695733423121779,0.36499590079407584,0.16854174871268923,0.06369123766680895,0.5138812516036132,0.005789115915581857,0.011822967706998167,0.1397972000122536,0.9246450795410411,0.001644570105254968,1.0011657814845825,0.23516317669724157,0.23543732557449082,1.1724285072850569,0.24102505980107214,0.0002827895148786292,0.011097383552974896,0.18000659130082203,0.05271122320302648,0.9851662006834421,0.5225,0.09576174112256587,0.10553545907994712,0.6045397225725094,0.6367660764212488,0.3388464800678541,0.4342784672524685,0.20742768341822032
