model,strategy,calibration,bin,n,mean_pred,observed
HGB,NONE,UNCAL,0.0-0.1,1109,0.07710547727592185,0.0757439134355275
HGB,NONE,UNCAL,0.1-0.2,6226,0.15356001294188504,0.1485705107613235
HGB,NONE,UNCAL,0.2-0.3,5508,0.24501895072365412,0.2552650689905592
HGB,NONE,UNCAL,0.3-0.4,2559,0.3414943832790657,0.34114888628370454
HGB,NONE,UNCAL,0.4-0.5,963,0.4414919937369054,0.43198338525441327
HGB,NONE,UNCAL,0.5-0.6,326,0.5393501476084416,0.5153374233128835
HGB,NONE,UNCAL,0.6-0.7,131,0.638147811527576,0.6030534351145038
HGB,NONE,UNCAL,0.7-0.8,18,0.7218588258806974,0.7777777777777778
HGB,NONE,UNCAL,0.8-0.9,1,0.8098907358707331,0.0
HGB,NONE,UNCAL,0.9-1.0,0,,
HGB,NONE,PRIOR,0.0-0.1,1109,0.07710547727592185,0.0757439134355275
HGB,NONE,PRIOR,0.1-0.2,6226,0.15356001294188504,0.1485705107613235
HGB,NONE,PRIOR,0.2-0.3,5508,0.24501895072365412,0.2552650689905592
HGB,NONE,PRIOR,0.3-0.4,2559,0.3414943832790657,0.34114888628370454
HGB,NONE,PRIOR,0.4-0.5,963,0.4414919937369054,0.43198338525441327
HGB,NONE,PRIOR,0.5-0.6,326,0.5393501476084416,0.5153374233128835
HGB,NONE,PRIOR,0.6-0.7,131,0.638147811527576,0.6030534351145038
HGB,NONE,PRIOR,0.7-0.8,18,0.7218588258806974,0.7777777777777778
HGB,NONE,PRIOR,0.8-0.9,1,0.8098907358707331,0.0
HGB,NONE,PRIOR,0.9-1.0,0,,
HGB,NONE,PLATT,0.0-0.1,1304,0.07656736608337013,0.07285276073619631
HGB,NONE,PLATT,0.1-0.2,6194,0.15286001161864496,0.15272844688408138
HGB,NONE,PLATT,0.2-0.3,5274,0.24507708362107322,0.2567311338642397
HGB,NONE,PLATT,0.3-0.4,2540,0.3420650702819757,0.3354330708661417
HGB,NONE,PLATT,0.4-0.5,997,0.44292075848241436,0.4353059177532598
HGB,NONE,PLATT,0.5-0.6,357,0.5414111374003236,0.49019607843137253
HGB,NONE,PLATT,0.6-0.7,147,0.6428488841253106,0.6054421768707483
HGB,NONE,PLATT,0.7-0.8,27,0.7293195009318985,0.7407407407407407
HGB,NONE,PLATT,0.8-0.9,1,0.8262385348466673,0.0
HGB,NONE,PLATT,0.9-1.0,0,,
HGB,NONE,ISO,0.0-0.1,1407,0.05781856855204167,0.07462686567164178
HGB,NONE,ISO,0.1-0.2,6375,0.15687372849843342,0.1556078431372549
HGB,NONE,ISO,0.2-0.3,4073,0.24050683608312032,0.25288485146083967
HGB,NONE,ISO,0.3-0.4,3958,0.3408343191800809,0.33628094997473473
HGB,NONE,ISO,0.4-0.5,531,0.45203964905761534,0.4444444444444444
HGB,NONE,ISO,0.5-0.6,219,0.568285441878252,0.4931506849315068
HGB,NONE,ISO,0.6-0.7,272,0.6462312881363917,0.5845588235294118
HGB,NONE,ISO,0.7-0.8,3,0.7806873460496894,1.0
HGB,NONE,ISO,0.8-0.9,1,0.8,1.0
HGB,NONE,ISO,0.9-1.0,2,1.0,0.0
HGB,SMOTE,UNCAL,0.0-0.1,1300,0.07627586118594804,0.07076923076923076
HGB,SMOTE,UNCAL,0.1-0.2,5840,0.15397104024654953,0.14589041095890412
HGB,SMOTE,UNCAL,0.2-0.3,5323,0.24553989736304968,0.2547435656584633
HGB,SMOTE,UNCAL,0.3-0.4,2610,0.3431302036748908,0.3363984674329502
HGB,SMOTE,UNCAL,0.4-0.5,1131,0.44352279190803046,0.40848806366047746
HGB,SMOTE,UNCAL,0.5-0.6,433,0.5421089464024699,0.48498845265588914
HGB,SMOTE,UNCAL,0.6-0.7,153,0.6446131563532677,0.5424836601307189
HGB,SMOTE,UNCAL,0.7-0.8,48,0.738738237260077,0.625
HGB,SMOTE,UNCAL,0.8-0.9,3,0.8422110676975928,0.6666666666666666
HGB,SMOTE,UNCAL,0.9-1.0,0,,
HGB,SMOTE,PRIOR,0.0-0.1,10943,0.06087635662902416,0.1713424106734899
HGB,SMOTE,PRIOR,0.1-0.2,4775,0.13509823521273065,0.32356020942408376
HGB,SMOTE,PRIOR,0.2-0.3,869,0.23661152770418806,0.46950517836593786
HGB,SMOTE,PRIOR,0.3-0.4,184,0.34028236835915854,0.5163043478260869
HGB,SMOTE,PRIOR,0.4-0.5,57,0.43743382610050363,0.5614035087719298
HGB,SMOTE,PRIOR,0.5-0.6,11,0.5277422747294284,0.7272727272727273
HGB,SMOTE,PRIOR,0.6-0.7,2,0.6364188716408554,1.0
HGB,SMOTE,PRIOR,0.7-0.8,0,,
HGB,SMOTE,PRIOR,0.8-0.9,0,,
HGB,SMOTE,PRIOR,0.9-1.0,0,,
HGB,SMOTE,PLATT,0.0-0.1,1207,0.07716237655273829,0.06710853355426678
HGB,SMOTE,PLATT,0.1-0.2,6167,0.15417464734716074,0.15031619912437166
HGB,SMOTE,PLATT,0.2-0.3,5504,0.24478150399023996,0.259265988372093
HGB,SMOTE,PLATT,0.3-0.4,2481,0.3421612572776347,0.33978234582829503
HGB,SMOTE,PLATT,0.4-0.5,997,0.4419524862147018,0.4353059177532598
HGB,SMOTE,PLATT,0.5-0.6,341,0.54056821380086,0.4868035190615836
HGB,SMOTE,PLATT,0.6-0.7,113,0.6419611097028963,0.5929203539823009
HGB,SMOTE,PLATT,0.7-0.8,29,0.7284457711024872,0.6206896551724138
HGB,SMOTE,PLATT,0.8-0.9,2,0.8240416796140182,1.0
HGB,SMOTE,PLATT,0.9-1.0,0,,
HGB,SMOTE,ISO,0.0-0.1,1456,0.06875903954896019,0.07348901098901099
HGB,SMOTE,ISO,0.1-0.2,4707,0.14480014666515534,0.14340344168260039
HGB,SMOTE,ISO,0.2-0.3,6125,0.23616068724652234,0.2409795918367347
HGB,SMOTE,ISO,0.3-0.4,3167,0.333852018655519,0.3340700978844332
HGB,SMOTE,ISO,0.4-0.5,986,0.4320867796771776,0.4462474645030426
HGB,SMOTE,ISO,0.5-0.6,245,0.5559017289448923,0.4816326530612245
HGB,SMOTE,ISO,0.6-0.7,0,,
HGB,SMOTE,ISO,0.7-0.8,155,0.7268939742058022,0.5870967741935483
HGB,SMOTE,ISO,0.8-0.9,0,,
HGB,SMOTE,ISO,0.9-1.0,0,,
LR,SMOTE,UNCAL,0.0-0.1,141,0.07673221947273044,0.0425531914893617
LR,SMOTE,UNCAL,0.1-0.2,687,0.1605792262929829,0.06841339155749636
LR,SMOTE,UNCAL,0.2-0.3,1824,0.2567613145984821,0.13925438596491227
LR,SMOTE,UNCAL,0.3-0.4,3074,0.3533300367901544,0.16037735849056603
LR,SMOTE,UNCAL,0.4-0.5,3781,0.45042782154801814,0.2163448823062682
LR,SMOTE,UNCAL,0.5-0.6,3519,0.5479598655285864,0.26484796817277634
LR,SMOTE,UNCAL,0.6-0.7,2384,0.6458029195241098,0.3271812080536913
LR,SMOTE,UNCAL,0.7-0.8,1085,0.7416642769049612,0.4184331797235023
LR,SMOTE,UNCAL,0.8-0.9,299,0.8388838303645104,0.5050167224080268
LR,SMOTE,UNCAL,0.9-1.0,47,0.9192907295852358,0.6382978723404256
LR,SMOTE,PRIOR,0.0-0.1,1856,0.0706826715509049,0.09644396551724138
LR,SMOTE,PRIOR,0.1-0.2,5644,0.1522231514212375,0.17523033309709427
LR,SMOTE,PRIOR,0.2-0.3,4956,0.24600651312351834,0.2443502824858757
LR,SMOTE,PRIOR,0.3-0.4,2653,0.3437660122197092,0.32189973614775724
LR,SMOTE,PRIOR,0.4-0.5,1124,0.4415417648036252,0.3683274021352313
LR,SMOTE,PRIOR,0.5-0.6,397,0.5413422151944156,0.5138539042821159
LR,SMOTE,PRIOR,0.6-0.7,142,0.6449658873748717,0.5211267605633803
LR,SMOTE,PRIOR,0.7-0.8,56,0.7428714714470646,0.5714285714285714
LR,SMOTE,PRIOR,0.8-0.9,11,0.814855030462148,0.6363636363636364
LR,SMOTE,PRIOR,0.9-1.0,2,0.9238628617986147,0.5
LR,SMOTE,PLATT,0.0-0.1,837,0.07680874606494606,0.06571087216248507
LR,SMOTE,PLATT,0.1-0.2,5817,0.15739336930541878,0.15901667526216262
LR,SMOTE,PLATT,0.2-0.3,6443,0.2457788639695833,0.24833152258264785
LR,SMOTE,PLATT,0.3-0.4,2779,0.3407434419988237,0.3342929111191076
LR,SMOTE,PLATT,0.4-0.5,729,0.43745310891317407,0.4540466392318244
LR,SMOTE,PLATT,0.5-0.6,176,0.5408644566530162,0.5
LR,SMOTE,PLATT,0.6-0.7,55,0.6433211221913101,0.6181818181818182
LR,SMOTE,PLATT,0.7-0.8,3,0.7116029520936591,0.6666666666666666
LR,SMOTE,PLATT,0.8-0.9,2,0.8324278095894837,0.5
LR,SMOTE,PLATT,0.9-1.0,0,,
LR,SMOTE,ISO,0.0-0.1,482,0.05610272676169238,0.06846473029045644
LR,SMOTE,ISO,0.1-0.2,5026,0.1397166793938504,0.14484679665738162
LR,SMOTE,ISO,0.2-0.3,7079,0.23454449471234112,0.23393134623534398
LR,SMOTE,ISO,0.3-0.4,2904,0.32788252833660625,0.325068870523416
LR,SMOTE,ISO,0.4-0.5,1130,0.4364857892912752,0.4300884955752212
LR,SMOTE,ISO,0.5-0.6,169,0.55758832147753,0.5088757396449705
LR,SMOTE,ISO,0.6-0.7,49,0.6666666666666666,0.6326530612244898
LR,SMOTE,ISO,0.7-0.8,0,,
LR,SMOTE,ISO,0.8-0.9,0,,
LR,SMOTE,ISO,0.9-1.0,2,1.0,0.5
RF,SMOTE,UNCAL,0.0-0.1,26,0.08929555274217774,0.0
RF,SMOTE,UNCAL,0.1-0.2,1489,0.17291233354701485,0.0987239758226998
RF,SMOTE,UNCAL,0.2-0.3,7149,0.25543541758711075,0.17722758427752133
RF,SMOTE,UNCAL,0.3-0.4,6031,0.34325649598971425,0.27424970983253194
RF,SMOTE,UNCAL,0.4-0.5,1780,0.43717217541492914,0.39831460674157304
RF,SMOTE,UNCAL,0.5-0.6,329,0.5346389156493077,0.5075987841945289
RF,SMOTE,UNCAL,0.6-0.7,32,0.6288839146693996,0.53125
RF,SMOTE,UNCAL,0.7-0.8,5,0.7536928013732369,0.8
RF,SMOTE,UNCAL,0.8-0.9,0,,
RF,SMOTE,UNCAL,0.9-1.0,0,,
RF,SMOTE,PRIOR,0.0-0.1,5683,0.07985195796601466,0.13883512229456274
RF,SMOTE,PRIOR,0.1-0.2,10211,0.1351749882129764,0.26843600039173443
RF,SMOTE,PRIOR,0.2-0.3,889,0.23015340064760856,0.45219347581552305
RF,SMOTE,PRIOR,0.3-0.4,51,0.3262366386161693,0.5294117647058824
RF,SMOTE,PRIOR,0.4-0.5,4,0.42345678869443876,1.0
RF,SMOTE,PRIOR,0.5-0.6,3,0.5246022063106794,0.6666666666666666
RF,SMOTE,PRIOR,0.6-0.7,0,,
RF,SMOTE,PRIOR,0.7-0.8,0,,
RF,SMOTE,PRIOR,0.8-0.9,0,,
RF,SMOTE,PRIOR,0.9-1.0,0,,
RF,SMOTE,PLATT,0.0-0.1,725,0.08065320306408125,0.06758620689655172
RF,SMOTE,PLATT,0.1-0.2,6156,0.15722564504959238,0.15805717998700455
RF,SMOTE,PLATT,0.2-0.3,6220,0.24538824845927962,0.24742765273311898
RF,SMOTE,PLATT,0.3-0.4,2669,0.3410432066469781,0.3405769951292619
RF,SMOTE,PLATT,0.4-0.5,802,0.44051448275609917,0.4476309226932668
RF,SMOTE,PLATT,0.5-0.6,215,0.5390327147414139,0.48372093023255813
RF,SMOTE,PLATT,0.6-0.7,46,0.6332615752890177,0.5652173913043478
RF,SMOTE,PLATT,0.7-0.8,5,0.7438416212750691,0.8
RF,SMOTE,PLATT,0.8-0.9,3,0.8421080687274114,0.6666666666666666
RF,SMOTE,PLATT,0.9-1.0,0,,
RF,SMOTE,ISO,0.0-0.1,154,0.03308206679260782,0.07142857142857142
RF,SMOTE,ISO,0.1-0.2,7665,0.15470397496750626,0.15877364644487932
RF,SMOTE,ISO,0.2-0.3,4673,0.24482422024172537,0.24951851059276695
RF,SMOTE,ISO,0.3-0.4,3118,0.34164868093601986,0.32232200128287364
RF,SMOTE,ISO,0.4-0.5,917,0.4245535275365882,0.440567066521265
RF,SMOTE,ISO,0.5-0.6,259,0.5458905857706631,0.5019305019305019
RF,SMOTE,ISO,0.6-0.7,34,0.6138700556291576,0.5588235294117647
RF,SMOTE,ISO,0.7-0.8,10,0.7249394632870498,0.5
RF,SMOTE,ISO,0.8-0.9,8,0.8095633099105094,0.75
RF,SMOTE,ISO,0.9-1.0,3,1.0,0.6666666666666666
