fold,model,strategy,calibration,AUC,PR_AUC,Brier,BSS,LogLoss,ECE,ECE_adaptive,MCE,Cal_slope,Cal_intercept,OE_ratio,Mean_pred,Obs_prev,Spiegelhalter_Z,Spiegelhalter_p,Reliability,Resolution,Uncertainty,Sens_t05,Spec_t05,Prec_t05,F1_t05,MCC_t05,Sens_tprev,Spec_tprev,Prec_tprev,F1_tprev,MCC_tprev
0,XGB,NONE,UNCAL,0.670460783027673,0.386600919698286,0.1695815486130464,0.06661121698147798,0.516576012843464,0.013042376343470443,0.015882673729802368,0.23218975464502978,0.833466821254808,0.028007427243916617,1.019569356458137,0.2340361624956131,0.23861609796694805,4.388758164558292,1.1399975097040881e-05,0.0003886743572922056,0.012229741139415353,0.1816784557579759,0.0931738913801694,0.9732979387882573,0.5223463687150838,0.15813953488372093,0.14035135873153998,0.6028898854010961,0.637101811367895,0.3423882286361064,0.43674426998736693,0.2072458838680774
0,XGB,NONE,PRIOR,0.670460783027673,0.386600919698286,0.16958154866245742,0.0666112167095162,0.5165760116427559,0.013042376288297136,0.015882673692964873,0.23218975464502978,0.8334668226429944,0.028007423839578674,1.0195693581821166,0.2340361605142768,0.23861609796694805,4.388757770593843,1.1399995745203745e-05,0.00038867435636877866,0.012229741139415353,0.1816784557579759,0.0931738913801694,0.9732979387882573,0.5223463687150838,0.15813953488372093,0.14035135873153998,0.6028898854010961,0.637101811367895,0.3423882286361064,0.43674426998736693,0.2072458838680774
0,XGB,NONE,PLATT,0.6704607927531591,0.386600919698286,0.16930946131989374,0.06810880459939772,0.5156103607529207,0.009865462124914598,0.008705587820428871,0.10291843130251876,0.9637712583504061,0.051855310295135786,1.0375063325651053,0.22999001594236002,0.23861609796694805,3.0280175020350892,0.002461638299021215,0.0001433424307692661,0.011777731891707974,0.1816784557579759,0.0637767812655705,0.9839943785134291,0.5553145336225597,0.11441340782122904,0.12472104575422854,0.5964125560538116,0.644206745783885,0.34441087613293053,0.43666210670314637,0.20828384468635222
0,XGB,NONE,ISO,0.6694444502797361,0.3749143291276636,0.16940092492249456,0.06760538249115366,0.5157576092974967,0.011346419723758695,0.011846412684103632,0.045879102010521144,0.932460748831584,0.05087564895746322,1.036604075147652,0.2301902025938034,0.23861609796694805,3.4955428973306044,0.0004730983992865135,0.000144519316117121,0.011863543604887415,0.1816784557579759,0.05904334828101644,0.9855559025608994,0.5616113744075829,0.10685302073940488,0.12155665977914382,0.5827105132037868,0.6565427857589007,0.3471356485604037,0.43508184523809523,0.2081159455419972
0,LGBM,NONE,UNCAL,0.6702228490103501,0.3872484080105489,0.16940315163642014,0.06759312650093474,0.5157781221191484,0.014279792296490432,0.013954613301307584,0.33629438875154916,0.8700319216812525,0.024074216249015366,1.0168901621821003,0.23465277454834665,0.23861609796694805,3.5016223426274706,0.0004624346025802123,0.00031292783805217557,0.011867360773790678,0.1816784557579759,0.0924265072247135,0.9761867582760775,0.5488165680473372,0.1582089552238806,0.14891265629513453,0.6031390134529148,0.6353060587133041,0.3413705583756345,0.4359805510534846,0.20581494694283517
0,LGBM,NONE,PRIOR,0.6702228490103501,0.3872484080105489,0.16940315163642014,0.06759312650093474,0.5157781221191484,0.014279792296490432,0.013954613301307584,0.33629438875154916,0.8700319216812525,0.024074216249015366,1.0168901621821003,0.23465277454834665,0.23861609796694805,3.5016223426274706,0.0004624346025802123,0.00031292783805217557,0.011867360773790678,0.1816784557579759,0.0924265072247135,0.9761867582760775,0.5488165680473372,0.1582089552238806,0.14891265629513453,0.6031390134529148,0.6353060587133041,0.3413705583756345,0.4359805510534846,0.20581494694283517
0,LGBM,NONE,PLATT,0.6702228490103501,0.3872484080105489,0.16924427462587902,0.06846759675274838,0.5152980919372798,0.011261396849021818,0.008782397680672073,0.1969243795030804,0.9675454857734539,0.04946030192580586,1.035714906282298,0.2303878186164775,0.23861609796694805,2.9223794319294965,0.003473680810720939,0.0002084811765769545,0.011956174605088526,0.1816784557579759,0.06701544593921276,0.9850093691442848,0.5835140997830802,0.12022346368715084,0.13582649808800729,0.5939212755356253,0.6448313554028732,0.34386268570604356,0.43555311957613957,0.2067477162405745
0,LGBM,NONE,ISO,0.6690887698022568,0.37522961807046207,0.169655928634477,0.06620182410677067,0.5169322449928704,0.013676762526229496,0.014175603681657328,0.05088419511277309,0.9140720468716301,0.05043503849245655,1.0362557837277537,0.23026756686323838,0.23861609796694805,3.6904039001225053,0.00022389826347563697,0.00026671638826122434,0.01165581036879133,0.1816784557579759,0.12481315396113603,0.9626014990630856,0.5112244897959184,0.20064076892270727,0.15907265849710514,0.5919282511210763,0.6474859462835728,0.34479756203744016,0.43576341127922974,0.2075112413459577
0,XGB,CSL,UNCAL,0.6678215292385458,0.3864686509541241,0.21409617442885787,-0.17840041757761727,0.6155895357134635,0.19976329402910062,0.19976329402910062,0.28400073806180837,0.8050089246600962,-1.0245449714304875,0.5443141073955183,0.4383794069290161,0.23861609796694805,-1.989433896114558,0.04665333139771752,0.044653760251334114,0.01209641297090189,0.1816784557579759,0.554559043348281,0.6815271705184259,0.35305313243457576,0.43143715476305844,0.20787941621686992,0.9449427005480817,0.1595096814490943,0.2605440307734579,0.4084643549429248,0.13045436738497826
0,XGB,CSL,PRIOR,0.6678215292385458,0.3864686509541241,0.17014720057351254,0.06349782876613463,0.5196560461715901,0.025192504482443683,0.02361334490307656,0.1790870109021595,0.8053670380901656,0.14841060483681687,1.1098281048339027,0.21500275306387148,0.23861609796694805,10.099106481510745,5.574779823597973e-24,0.0007715227452333133,0.011469658810142832,0.1816784557579759,0.06626806178375685,0.983682073703935,0.56,0.11851191802183114,0.12852871866622143,0.554559043348281,0.6815271705184259,0.35305313243457576,0.43143715476305844,0.20787941621686992
0,XGB,CSL,PLATT,0.6678215292385458,0.3864686509541241,0.169530408673459,0.06689269480949356,0.5164855622015249,0.008451850753872033,0.009620982531805294,0.06453139628465909,0.9788979959498854,0.04940804246416886,1.0359097919911116,0.23034447575623984,0.23861609796694805,2.481112704260197,0.01309729540409697,0.00016956072144231113,0.01184412599066227,0.1816784557579759,0.050323866467364226,0.9895377888819488,0.6011904761904762,0.09287356321839081,0.1214387775859962,0.6190832087693074,0.6210961898813242,0.3386481330062687,0.43780831571529244,0.20643363992320599
0,XGB,CSL,ISO,0.6670409617245324,0.3758857070705869,0.16981150406897563,0.06534552596194365,0.5172029355891444,0.010444003913249046,0.011054070310999562,0.29734838008880615,0.9364826586661754,0.04852149899962272,1.0350002946110353,0.23054689168930054,0.23861609796694805,3.2730486324213697,0.001063941698106942,0.00026023493721153725,0.011619908537803066,0.1816784557579759,0.04633781763826607,0.9901623985009369,0.5961538461538461,0.08599167822468794,0.11531185167028189,0.6265570503238664,0.611102435977514,0.3355122732123799,0.4370112945264987,0.20380836411520878
0,LGBM,CSL,UNCAL,0.6681421007112209,0.3877669097160559,0.21514737598649475,-0.18418630496108923,0.617818412259601,0.2044656944715264,0.2044656944715272,0.28175633293022606,0.8531513795341847,-1.0377452251964168,0.5385373582013786,0.4430817924384753,0.23861609796694805,-3.232878373237597,0.001225497264546515,0.04569451360469268,0.011949744875649764,0.1816784557579759,0.5582959641255605,0.6766864459712679,0.35114384205578186,0.43112735667564445,0.2064125257563219,0.9541604384653712,0.14592442223610244,0.2593269686505518,0.4078155779162009,0.13032499371561065
0,LGBM,CSL,PRIOR,0.6681421007112209,0.3877669097160559,0.16986228951476887,0.06506599929272938,0.5180735189185929,0.02390645120807719,0.021730912411567164,0.18512651997111695,0.8532857114698612,0.1352103508591735,1.1001954668131004,0.21688518555538075,0.23861609796694805,8.6687611278297,4.368473435442804e-18,0.0006464170968912261,0.011954979844625704,0.1816784557579759,0.06701544593921276,0.9864928169893816,0.6085972850678733,0.12073608617594256,0.1425877160429943,0.5582959641255605,0.6766864459712679,0.35114384205578186,0.43112735667564445,0.2064125257563219
0,LGBM,CSL,PLATT,0.6681421007112209,0.3877669097160559,0.16939755421967617,0.06762393507678177,0.5160093618729771,0.009823766292878748,0.010000912099395862,0.07464512371522047,0.9494985107059489,0.04750036536833129,1.0342952976500583,0.23070403443686643,0.23861609796694805,2.8671740831561348,0.004141551328747357,0.00018491321691306155,0.011698251834492574,0.1816784557579759,0.06053811659192825,0.988522798251093,0.6230769230769231,0.11035422343324253,0.13895925247032928,0.6203288490284006,0.6234384759525297,0.3404895391768084,0.43965745563697356,0.20959920192044612
0,LGBM,CSL,ISO,0.6673580611986717,0.3786690142252788,0.16977693098015392,0.06553581867694958,0.5169202061738555,0.011865254848620997,0.011876201958063692,0.2963822544500081,0.9081880110770756,0.047076340093572,1.033760225753229,0.23082344631037155,0.23861609796694805,3.695055481575902,0.0002198387777665082,0.0002455198396822029,0.011492520926895086,0.1816784557579759,0.09292476332835077,0.9755621486570893,0.543731778425656,0.15872340425531914,0.1475967952368565,0.6190832087693074,0.6238288569643973,0.3402711214569355,0.4391623221701864,0.20889695863859614
0,XGB,ROS,UNCAL,0.6652939532062516,0.3850979130082252,0.2119748191377357,-0.1667243287004685,0.6107464006214423,0.19311885843888893,0.19311885843888893,0.2785786508303609,0.7874157206640974,-0.9955914023738814,0.5526911640781724,0.43173494935035706,0.23861609796694805,-2.864276059077259,0.004179635757760257,0.04214512900966314,0.01177494353730247,0.1816784557579759,0.528649725959143,0.6990943160524672,0.3550870147255689,0.4248248248248248,0.20283190675787338,0.9394618834080718,0.1706745783885072,0.2620023622594317,0.40973542673982727,0.13355834961289362
0,XGB,ROS,PRIOR,0.6652939532062516,0.3850979130082252,0.17063330342335264,0.06082228445636184,0.5214217077735626,0.029891161923470314,0.027992160869571448,0.3325485726545021,0.7877655273764019,0.17736417314687253,1.1329011377117595,0.21062393709737665,0.23861609796694805,11.786930043532447,4.558564477225229e-32,0.0010215101115636019,0.01143024986974578,0.1816784557579759,0.06477329347284504,0.9841505309181762,0.5615550755939525,0.11614920705829795,0.12746204160495822,0.528649725959143,0.6990943160524672,0.3550870147255689,0.4248248248248248,0.20283190675787338
0,XGB,ROS,PLATT,0.6652939532062516,0.3850979130082252,0.16977326850878927,0.0655559771771983,0.5171611095312106,0.007949264695388357,0.01123493245211474,0.1631931182733768,0.9704419235261241,0.04743661278832344,1.0344621052911813,0.23066683327156018,0.23861609796694805,2.4858831491465527,0.012923039066684718,0.00010187494590621812,0.011526979317229579,0.1816784557579759,0.05082212257100149,0.9893816364772018,0.6,0.09370693615066605,0.12177316434973642,0.6180866965620329,0.6187539038101186,0.33690928843020096,0.4361047635788364,0.20348338428125307
0,XGB,ROS,ISO,0.6639434333051061,0.37478711561698175,0.16999676942675146,0.06432581238906876,0.5187174687036942,0.011431292460545063,0.011646488299649801,0.3181818127632141,0.9091048174647188,0.0463692981077673,1.0333843216106806,0.2309074103832245,0.23861609796694805,3.3655712570827188,0.0007638533487637917,0.00023897885318274723,0.011144131330234109,0.1816784557579759,0.07324364723467862,0.9813397876327296,0.551594746716698,0.12931603254893337,0.13282486683363523,0.5483308420528151,0.679419113054341,0.3489773267797685,0.42650905919968995,0.20052641498733223
0,LGBM,ROS,UNCAL,0.6634316004228797,0.38066849299826694,0.21359664008912488,-0.1756509454018249,0.6147628509398483,0.19808558798996406,0.1980855879899642,0.3277854156586245,0.8151358493086731,-1.009658806029432,0.546405259334152,0.4367016859569123,0.23861609796694805,-3.9022766239624116,9.529216491531691e-05,0.04338239681041129,0.011305252606971518,0.1816784557579759,0.5346287992027903,0.691364772017489,0.3518609608132481,0.4244042321764066,0.20037242715505588,0.9444444444444444,0.14982823235477827,0.2582425068119891,0.4055846795763347,0.1205431180974039
0,LGBM,ROS,PRIOR,0.6634316004228797,0.38066849299826694,0.1708844844147846,0.05943976659502881,0.5214666465046657,0.027104022777609458,0.026355453664233787,0.18437487735421176,0.8156625207684309,0.1632967700261583,1.1224925021211734,0.21257700832391788,0.23861609796694805,10.644436568448638,1.8510068054691657e-26,0.0008392938060530312,0.010897020136861392,0.1816784557579759,0.05680119581464873,0.98579013116802,0.5560975609756098,0.10307414104882459,0.11772747576490222,0.5346287992027903,0.691364772017489,0.3518609608132481,0.4244042321764066,0.20037242715505588
0,LGBM,ROS,PLATT,0.6634316004228797,0.38066849299826694,0.17016101570904135,0.06342178928752429,0.5182019230815562,0.008307601744545078,0.00997265052006895,0.16915410634660777,0.9515341768626278,0.04855156339639908,1.0352580155510278,0.2304894957417373,0.23861609796694805,2.8642408386735525,0.004180100554997315,0.00010204245926959284,0.01085634230019988,0.1816784557579759,0.050323866467364226,0.988522798251093,0.5787965616045845,0.09259683703873482,0.11616733280365064,0.6041355256601894,0.6260149906308557,0.3361053361053361,0.4319173568438864,0.19821167607858806
0,LGBM,ROS,ISO,0.663106263462018,0.36939448356993415,0.1705152640995774,0.06147198120502351,0.5211157461565186,0.010733227791195113,0.013602209303281312,0.6,0.8806406246111281,0.04848181865953812,1.0349916464596631,0.23054881532925264,0.23861609796694805,3.6449072889551988,0.0002674882114240754,0.00025241629692416445,0.010831898544062682,0.1816784557579759,0.057299451918286,0.9854778263585259,0.5528846153846154,0.10383747178329569,0.11740713044071048,0.5577977080219233,0.6699718925671455,0.34627281163006496,0.4272900763358779,0.1995773412689911
0,XGB,RUS,UNCAL,0.6655665196795599,0.3782661625733466,0.2297103997943345,-0.26434221331457364,0.6510498449517494,0.23321394329796935,0.23321394329796935,0.31948372098825856,0.7742071859992484,-1.181705199282286,0.505724711017641,0.47183001041412354,0.23861609796694805,10.146712702432824,3.427133265145955e-24,0.059518893414398484,0.011502466235825872,0.1816784557579759,0.6263079222720478,0.6100093691442848,0.3347982421094686,0.4363447019005467,0.20262311617551793,0.9643746885899352,0.12172079950031231,0.25601851851851853,0.4046200480819484,0.12168976783539893
0,XGB,RUS,PRIOR,0.6655665196795599,0.3782661625733466,0.17084343220493398,0.05966572084834276,0.5197878828824228,0.018414492960041776,0.019924961181644822,0.2157033966218519,0.7744738794486528,-0.008749623410416517,0.994021597350475,0.24005122082152916,0.23861609796694805,4.101037816992789,4.113013294667717e-05,0.0008288035289678576,0.011029432986081635,0.1816784557579759,0.09765819631290483,0.9694722048719551,0.5006385696040868,0.16343548050865123,0.13582479600262787,0.6263079222720478,0.6100093691442848,0.3347982421094686,0.4363447019005467,0.20262311617551793
0,XGB,RUS,PLATT,0.6655665196795599,0.3782661625733466,0.1701883643826747,0.06327126026235264,0.5177314602484063,0.009755553458076757,0.00882445978390745,0.13349485928950988,0.9768696184234236,0.05037067234594768,1.036678879891455,0.2301735885580424,0.23861609796694805,2.7793197475710825,0.005447287621057332,0.00018551402015202104,0.010902319858338037,0.1816784557579759,0.047583457897359245,0.9875078076202374,0.5441595441595442,0.08751431844215349,0.10464412054642615,0.6033881415047334,0.6334322298563397,0.3403119291836448,0.4351810259635252,0.20431589224856198
0,XGB,RUS,ISO,0.665149665894541,0.37027370121837266,0.17016319012093312,0.06340982117138172,0.5181199480363041,0.008785403725134075,0.008827440981554855,0.35306546092033386,0.9419082982158489,0.050106258604224074,1.0363295853709453,0.23025116324424744,0.23861609796694805,3.1568106311824997,0.001595048958292898,0.00010391060961648311,0.011097555113118465,0.1816784557579759,0.06900847035376183,0.9808713304184884,0.5306513409961686,0.12213403880070546,0.12260974804851642,0.5889387144992526,0.64631480324797,0.3429068755439513,0.43344334433443343,0.20389141783356682
0,LGBM,RUS,UNCAL,0.6662779584384074,0.3824971175642107,0.22925126087625608,-0.2618150803836228,0.6494492642072812,0.2343686826331129,0.2343686826331133,0.3124508366629376,0.8222531239295685,-1.1782531919838826,0.5044900126896751,0.47298478060006116,0.23861609796694805,8.225498066289004,1.9438140460579216e-16,0.0593362509990923,0.011693355647709089,0.1816784557579759,0.6260587942202293,0.608525921299188,0.33386475355387274,0.4354908586777576,0.2010913549975912,0.9673642252117588,0.1113366645846346,0.2543727481166066,0.40282172311841896,0.11574874088857794
0,LGBM,RUS,PRIOR,0.6662779584384074,0.3824971175642107,0.17019440731014354,0.06323799956410969,0.517932510138956,0.014848026820375072,0.01661422873874019,0.42128670229014364,0.8224823876957531,-0.005297615928292158,0.9963476520656155,0.2394908017018479,0.23861609796694805,3.0736253880649564,0.0021147479783838823,0.0004454384362828212,0.011340404241929431,0.1816784557579759,0.0909317389138017,0.9737663960024985,0.5206847360912982,0.1548250265111347,0.1379958757044633,0.6260587942202293,0.608525921299188,0.33386475355387274,0.4354908586777576,0.2010913549975912
0,LGBM,RUS,PLATT,0.6662779584384074,0.3824971175642107,0.16983267225187426,0.06522901479291576,0.5168217928525658,0.008358807459456288,0.010313038485875095,0.35369998653953516,1.0062259571042966,0.04927096293764344,1.0359236485729024,0.2303413946536192,0.23861609796694805,2.336607461972234,0.019459604111008052,9.628803189043086e-05,0.011086556543428234,0.1816784557579759,0.045590433482810166,0.9895377888819488,0.5772870662460567,0.08450704225352113,0.11011541536241448,0.6051320378674638,0.6299968769519051,0.3388671875,0.43444822035414055,0.20266685934455486
0,LGBM,RUS,ISO,0.6652303290762158,0.3715240057502187,0.16994689306146563,0.06460033541516608,0.5177521189572749,0.008608968577639613,0.009533378337238456,0.5,0.9615115292613207,0.04921803920759295,1.0357586641189418,0.23037808539108343,0.23861609796694805,2.7448197608088476,0.006054413967674859,0.00011451868616391051,0.010869043703041049,0.1816784557579759,0.05455904334828102,0.9870393504059962,0.5688311688311688,0.09956808365537623,0.11856711773409787,0.6073741903338316,0.6281230480949407,0.3385640883210665,0.4347748551047704,0.20286571195549744
0,XGB,SMOTE,UNCAL,0.6708035383341316,0.38567998468970843,0.1694795651798498,0.06717254097797376,0.5159939049784971,0.013454930133003244,0.014269326862017314,0.21483400193127722,0.8465985827310953,0.002398856517419463,1.001660646837113,0.23822049796581268,0.23861609796694805,2.919484152439898,0.0035061122058232747,0.00038257817386232467,0.012006683250737529,0.1816784557579759,0.0916791230692576,0.9750936914428482,0.5356622998544396,0.15656243352478194,0.1438024126538026,0.6268061783756851,0.6151623985009369,0.3379449294828744,0.43913081420717337,0.20764620809213952
0,XGB,SMOTE,PRIOR,0.6708035383341316,0.38567998468970843,0.19209437770208898,-0.05730097934875911,0.6099067268356858,0.14326912892845142,0.14325689605737574,0.24861028583175782,0.8458274259075805,1.1753544297689396,2.5022870702423035,0.09535920190957234,0.23861609796694805,66.66548204766038,0.0,0.022268245803170352,0.009904260743344714,0.1816784557579759,0.0037369207772795215,0.9992973141786383,0.625,0.007429420505200595,0.034264479702422496,0.0916791230692576,0.9750936914428482,0.5356622998544396,0.15656243352478194,0.1438024126538026
0,XGB,SMOTE,PLATT,0.6708035383341316,0.38567998468970843,0.16926574780516226,0.06834940686214619,0.5153205446201683,0.009540662730023998,0.00800187153066383,0.20133861901129402,0.9432499363946429,0.047424198286950645,1.0341200458136308,0.23074313174077224,0.23861609796694805,3.1117458134991898,0.001859845625952666,0.00021009931850156003,0.011897692166177953,0.1816784557579759,0.0645241654210264,0.9846970643347908,0.5692307692307692,0.1159095994629671,0.1293277029763166,0.6103637269556552,0.6323391630231106,0.3422265679564185,0.43855723619439724,0.20922911605672692
0,XGB,SMOTE,ISO,0.6704976912474048,0.3769232964779941,0.1694161298519424,0.06752169348896409,0.5170472539817847,0.009582533528576527,0.008823680710493704,0.3999999761581421,0.8862800886897453,0.04559633037872471,1.0325977785135727,0.23108328878879547,0.23861609796694805,3.6476023208278487,0.00026469891153914815,0.000281606269343379,0.012013225047051124,0.1816784557579759,0.08794220229197808,0.9767332916926921,0.5422427035330261,0.15133976420150053,0.1429256464469456,0.5742401594419532,0.6683322923173017,0.3517472913169541,0.43626384025740517,0.2120247991160848
0,LGBM,SMOTE,UNCAL,0.6680440289094354,0.3806203344619866,0.1700972800806388,0.06377259467358265,0.5174957322287488,0.013405519887911435,0.01325462238123603,0.234436809181075,0.847155066993329,-0.00424756262823008,0.9970614589537111,0.23931934769331592,0.23861609796694805,2.7190152143125643,0.00654765963260858,0.0005419860330707529,0.011175697476294133,0.1816784557579759,0.09068261086198307,0.9718144909431605,0.5020689655172413,0.1536189069423929,0.13117399526403853,0.6198305929247633,0.6191442848219862,0.3377681238121097,0.43725834797891033,0.20531089803254532
0,LGBM,SMOTE,PRIOR,0.6680440289094354,0.3806203344619866,0.19239466775419484,-0.05895379693758307,0.6105746575721894,0.14296381787524973,0.1428250167729468,0.2354714106542053,0.8470835395162102,1.1687080134273602,2.491005373284074,0.09579108119400122,0.23861609796694805,66.44882035662305,0.0,0.02192583667893604,0.009321194737746513,0.1816784557579759,0.004235176880916791,0.9990630855715178,0.5862068965517241,0.008409596834034134,0.033888427055826266,0.09068261086198307,0.9718144909431605,0.5020689655172413,0.1536189069423929,0.13117399526403853
0,LGBM,SMOTE,PLATT,0.6680440289094354,0.3806203344619866,0.16982992168784034,0.06524415409101292,0.516791766206085,0.009758612702175578,0.008526081154130193,0.2524878249861736,0.9672893697840415,0.04933316960581473,1.0357351519517244,0.23038331519143992,0.23861609796694805,2.9609245118049077,0.0030671710566682986,0.00021888686113246444,0.011357135659731902,0.1816784557579759,0.05954160438465371,0.9850874453466584,0.5558139534883721,0.10756075607560757,0.12053045131057351,0.5949177877428998,0.643894440974391,0.34364656785148945,0.43564717686764576,0.20672841785123075
0,LGBM,SMOTE,ISO,0.6671239492973842,0.3724172450940123,0.16986140785897388,0.0650708519882982,0.517076511244951,0.009461756590033754,0.010004840919932869,0.10897435897435892,0.937693523663392,0.050055171533698886,1.0361814072906204,0.23028409532156638,0.23861609796694805,3.2687643097680996,0.0010801823786365339,0.0001277737263644635,0.011121270667276134,0.1816784557579759,0.04210264075734928,0.9890693316677077,0.5469255663430421,0.07818644459865834,0.09894671874003487,0.5617837568510214,0.6750468457214241,0.35141031634720277,0.4323650656696386,0.2078165360433393
