fold,model,strategy,implementation,calibration,n_train_fit,AUC,Brier,ECE,Cal_slope,Cal_intercept,Mean_pred,Sens_t05
0,LR,ROS,own,UNCAL,77156,0.6603486602325963,0.229297204698419,0.23636404352300594,0.8749648600989185,-1.1626476854335093,0.4749801414899536,0.6038863976083707
0,LR,ROS,own,PLATT,77156,0.6603486602325963,0.17070652713396423,0.008252643801320434,1.024985485508975,0.04746806948776257,0.23058671831617658,0.0465869456900847
0,LR,ROS,own,ISO,77156,0.6594521357478682,0.170721831334454,0.008495691839951776,0.9780588112590488,0.04818014063061624,0.2305021367603043,0.03487792725460887
0,HGB,ROS,own,UNCAL,77156,0.6671973767174042,0.21373258913180773,0.2002282018303996,0.8392715451301012,-1.0197350452160006,0.4388442997973477,0.5553064275037369
0,HGB,ROS,own,PLATT,77156,0.6671973767174042,0.16952738568258213,0.006977971301487198,0.9769222564133093,0.03953656281412331,0.2319849482570568,0.05082212257100149
0,HGB,ROS,own,ISO,77156,0.6664090288145146,0.16966622214877725,0.00943849840105374,0.9216846356957175,0.03866461264920985,0.2321680334807535,0.09292476332835077
0,LR,ROS,imblearn,UNCAL,77156,0.660875528716326,0.22902118850579758,0.23575567466111258,0.8700589022498599,-1.1614299035784454,0.47437177262806063,0.5986547085201793
0,LR,ROS,imblearn,PLATT,77156,0.660875528716326,0.1706931797194941,0.008542289521236068,1.0289148470131446,0.04649842194058836,0.23074755421410795,0.044095665171898356
0,LR,ROS,imblearn,ISO,77156,0.6596504384093524,0.17084405540158978,0.008042493860666184,0.9750941430779689,0.046421715230600506,0.23079505496985164,0.028898854010961636
0,HGB,ROS,imblearn,UNCAL,77156,0.6642241594612485,0.2135889347896874,0.1981187631494184,0.8114875237097492,-1.0116569841330105,0.43673486111636656,0.5346287992027903
0,HGB,ROS,imblearn,PLATT,77156,0.6642241594612485,0.17023937557527122,0.008945153090942973,0.9715401569647208,0.0488600504606018,0.23042349224231057,0.04384653712007972
0,HGB,ROS,imblearn,ISO,77156,0.6636623959334086,0.17063914518711765,0.013339051490063546,0.9163558400192416,0.04895457773236824,0.23046898238264482,0.03139013452914798
0,LR,RUS,own,UNCAL,23876,0.6585513709512023,0.23110448457996957,0.23895434818168798,0.8564589449841842,-1.176157903448839,0.4775704461486358,0.6111111111111112
0,LR,RUS,own,PLATT,23876,0.6585513709512023,0.1709796243983601,0.008635601940000372,1.0334810028969272,0.047535666220239386,0.23055650106890205,0.0408570004982561
0,LR,RUS,own,ISO,23876,0.6578644112408569,0.17108339157243727,0.008524096322425113,0.9896888558743345,0.04803392974381255,0.23050099489097342,0.02914798206278027
0,HGB,RUS,own,UNCAL,23876,0.6713326923070937,0.22686422001521428,0.23644524850140702,1.0212404549085732,-1.1513553370947576,0.47504093975345896,0.6320378674638765
0,HGB,RUS,own,PLATT,23876,0.6713326923070937,0.16904350479948205,0.009799530950889363,1.0024344305070787,0.04905180276320213,0.23041384897049227,0.049576482311908324
0,HGB,RUS,own,ISO,23876,0.6709382557675245,0.16930375573641523,0.010550426813169993,0.951298787987378,0.048709663111132104,0.2305105905447048,0.06552067762830095
0,LR,RUS,imblearn,UNCAL,23876,0.6586243899008063,0.2307947778020869,0.23830253734963447,0.8585146231041292,-1.173151735821634,0.47691863531658235,0.6128550074738416
0,LR,RUS,imblearn,PLATT,23876,0.6586243899008063,0.17096653259313938,0.008391147699396908,1.026117361150261,0.04815545883778943,0.2304595036184876,0.0401096163428002
0,LR,RUS,imblearn,ISO,23876,0.6583133494045046,0.17114994630376013,0.008741640675565857,0.9775052569691408,0.04828717396207527,0.23046583700581103,0.022670652715495766
0,HGB,RUS,imblearn,UNCAL,23876,0.6688954465896533,0.2276340313636218,0.23838366324479673,1.073111813440017,-1.1498973638295416,0.4769997612117448,0.6260587942202293
0,HGB,RUS,imblearn,PLATT,23876,0.6688954465896533,0.16938138302377279,0.007913901068735655,0.9914711840675088,0.047296753653225235,0.23070219689821211,0.04783258594917788
0,HGB,RUS,imblearn,ISO,23876,0.6683905090770685,0.16961786541454343,0.010512059763193138,0.9288259385643038,0.0473042627724008,0.23073635244157667,0.07498754359740907
0,LR,SMOTE,own,UNCAL,77156,0.6477793447480975,0.23132609683376484,0.23230651697596674,0.7438952002963409,-1.1604165124108874,0.4709226149429146,0.5936721474838067
0,LR,SMOTE,own,PLATT,77156,0.6477793447480975,0.1722522429388434,0.008738679267639939,1.0420434854678033,0.05064323651494801,0.22996268709062065,0.02815146985550573
0,LR,SMOTE,own,ISO,77156,0.6474473750057187,0.17227734400141073,0.008771488450271817,0.990924946972625,0.05058945752412995,0.23001105821479995,0.04857997010463378
0,HGB,SMOTE,own,UNCAL,77156,0.669597013980114,0.1697758366514015,0.011429465838438345,0.8730837680480114,-0.01630749410038778,0.2413300160632341,0.09441953163926257
0,HGB,SMOTE,own,PLATT,77156,0.669597013980114,0.16955693489535276,0.010741924129535379,0.9944925278891962,0.04722658440974751,0.23071795498452685,0.059790732436472344
0,HGB,SMOTE,own,ISO,77156,0.6686405124226357,0.16959236583992401,0.011185388078126789,0.9633502468394834,0.04647535117339155,0.23086014466711355,0.05132037867463876
0,LR,SMOTE,imblearn,UNCAL,77156,0.6481221097800421,0.23152468744398766,0.23238057784681382,0.7385972585681516,-1.1624464726697687,0.4709966758137618,0.5974090682610862
0,LR,SMOTE,imblearn,PLATT,77156,0.6481221097800421,0.17224531320855468,0.008514597795144775,1.0476574209177727,0.04943274179000227,0.2301629210145266,0.025909317389138018
0,LR,SMOTE,imblearn,ISO,77156,0.6473117433766328,0.17224571483664644,0.008633052008644088,0.996333170734973,0.048393770663025554,0.2303769158088985,0.03961136023916293
0,HGB,SMOTE,imblearn,UNCAL,77156,0.6689566977010817,0.16983812826295,0.010097652127863234,0.8757219086412971,-0.020420698444386112,0.2420225674323995,0.09118086696562033
0,HGB,SMOTE,imblearn,PLATT,77156,0.6689566977010817,0.16963329114129902,0.008910427980305707,0.9769354062096129,0.04438619019970598,0.2312004592657489,0.06352765321375187
0,HGB,SMOTE,imblearn,ISO,77156,0.6685286304305947,0.1696782503609234,0.010362915569784767,0.9287508765677914,0.043911863513179654,0.23130096861656177,0.05132037867463876
