model,strategy,calibration,AUC_mean,AUC_std,Brier_mean,Brier_std,BSS_mean,BSS_std,ECE_mean,ECE_std,Cal_slope_mean,Cal_slope_std,Cal_intercept_mean,Cal_intercept_std,Mean_pred_mean,Mean_pred_std,Sens_t05_mean,Sens_t05_std,Sens_tprev_mean,Sens_tprev_std
XGB,NONE,UNCAL,0.670460783027673,,0.1695815486130464,,0.06661121698147798,,0.013042376343470443,,0.833466821254808,,0.028007427243916617,,0.2340361624956131,,0.0931738913801694,,0.6028898854010961,
XGB,NONE,PRIOR,0.670460783027673,,0.16958154866245742,,0.0666112167095162,,0.013042376288297136,,0.8334668226429944,,0.028007423839578674,,0.2340361605142768,,0.0931738913801694,,0.6028898854010961,
XGB,NONE,PLATT,0.6704607927531591,,0.16930946131989374,,0.06810880459939772,,0.009865462124914598,,0.9637712583504061,,0.051855310295135786,,0.22999001594236002,,0.0637767812655705,,0.5964125560538116,
XGB,NONE,ISO,0.6694444502797361,,0.16940092492249456,,0.06760538249115366,,0.011346419723758695,,0.932460748831584,,0.05087564895746322,,0.2301902025938034,,0.05904334828101644,,0.5827105132037868,
LGBM,NONE,UNCAL,0.6702228490103501,,0.16940315163642014,,0.06759312650093474,,0.014279792296490432,,0.8700319216812525,,0.024074216249015366,,0.23465277454834665,,0.0924265072247135,,0.6031390134529148,
LGBM,NONE,PRIOR,0.6702228490103501,,0.16940315163642014,,0.06759312650093474,,0.014279792296490432,,0.8700319216812525,,0.024074216249015366,,0.23465277454834665,,0.0924265072247135,,0.6031390134529148,
LGBM,NONE,PLATT,0.6702228490103501,,0.16924427462587902,,0.06846759675274838,,0.011261396849021818,,0.9675454857734539,,0.04946030192580586,,0.2303878186164775,,0.06701544593921276,,0.5939212755356253,
LGBM,NONE,ISO,0.6690887698022568,,0.169655928634477,,0.06620182410677067,,0.013676762526229496,,0.9140720468716301,,0.05043503849245655,,0.23026756686323838,,0.12481315396113603,,0.5919282511210763,
XGB,CSL,UNCAL,0.6678215292385458,,0.21409617442885787,,-0.17840041757761727,,0.19976329402910062,,0.8050089246600962,,-1.0245449714304875,,0.4383794069290161,,0.554559043348281,,0.9449427005480817,
XGB,CSL,PRIOR,0.6678215292385458,,0.17014720057351254,,0.06349782876613463,,0.025192504482443683,,0.8053670380901656,,0.14841060483681687,,0.21500275306387148,,0.06626806178375685,,0.554559043348281,
XGB,CSL,PLATT,0.6678215292385458,,0.169530408673459,,0.06689269480949356,,0.008451850753872033,,0.9788979959498854,,0.04940804246416886,,0.23034447575623984,,0.050323866467364226,,0.6190832087693074,
XGB,CSL,ISO,0.6670409617245324,,0.16981150406897563,,0.06534552596194365,,0.010444003913249046,,0.9364826586661754,,0.04852149899962272,,0.23054689168930054,,0.04633781763826607,,0.6265570503238664,
LGBM,CSL,UNCAL,0.6681421007112209,,0.21514737598649475,,-0.18418630496108923,,0.2044656944715264,,0.8531513795341847,,-1.0377452251964168,,0.4430817924384753,,0.5582959641255605,,0.9541604384653712,
LGBM,CSL,PRIOR,0.6681421007112209,,0.16986228951476887,,0.06506599929272938,,0.02390645120807719,,0.8532857114698612,,0.1352103508591735,,0.21688518555538075,,0.06701544593921276,,0.5582959641255605,
LGBM,CSL,PLATT,0.6681421007112209,,0.16939755421967617,,0.06762393507678177,,0.009823766292878748,,0.9494985107059489,,0.04750036536833129,,0.23070403443686643,,0.06053811659192825,,0.6203288490284006,
LGBM,CSL,ISO,0.6673580611986717,,0.16977693098015392,,0.06553581867694958,,0.011865254848620997,,0.9081880110770756,,0.047076340093572,,0.23082344631037155,,0.09292476332835077,,0.6190832087693074,
XGB,ROS,UNCAL,0.6652939532062516,,0.2119748191377357,,-0.1667243287004685,,0.19311885843888893,,0.7874157206640974,,-0.9955914023738814,,0.43173494935035706,,0.528649725959143,,0.9394618834080718,
XGB,ROS,PRIOR,0.6652939532062516,,0.17063330342335264,,0.06082228445636184,,0.029891161923470314,,0.7877655273764019,,0.17736417314687253,,0.21062393709737665,,0.06477329347284504,,0.528649725959143,
XGB,ROS,PLATT,0.6652939532062516,,0.16977326850878927,,0.0655559771771983,,0.007949264695388357,,0.9704419235261241,,0.04743661278832344,,0.23066683327156018,,0.05082212257100149,,0.6180866965620329,
XGB,ROS,ISO,0.6639434333051061,,0.16999676942675146,,0.06432581238906876,,0.011431292460545063,,0.9091048174647188,,0.0463692981077673,,0.2309074103832245,,0.07324364723467862,,0.5483308420528151,
LGBM,ROS,UNCAL,0.6634316004228797,,0.21359664008912488,,-0.1756509454018249,,0.19808558798996406,,0.8151358493086731,,-1.009658806029432,,0.4367016859569123,,0.5346287992027903,,0.9444444444444444,
LGBM,ROS,PRIOR,0.6634316004228797,,0.1708844844147846,,0.05943976659502881,,0.027104022777609458,,0.8156625207684309,,0.1632967700261583,,0.21257700832391788,,0.05680119581464873,,0.5346287992027903,
LGBM,ROS,PLATT,0.6634316004228797,,0.17016101570904135,,0.06342178928752429,,0.008307601744545078,,0.9515341768626278,,0.04855156339639908,,0.2304894957417373,,0.050323866467364226,,0.6041355256601894,
LGBM,ROS,ISO,0.663106263462018,,0.1705152640995774,,0.06147198120502351,,0.010733227791195113,,0.8806406246111281,,0.04848181865953812,,0.23054881532925264,,0.057299451918286,,0.5577977080219233,
XGB,RUS,UNCAL,0.6655665196795599,,0.2297103997943345,,-0.26434221331457364,,0.23321394329796935,,0.7742071859992484,,-1.181705199282286,,0.47183001041412354,,0.6263079222720478,,0.9643746885899352,
XGB,RUS,PRIOR,0.6655665196795599,,0.17084343220493398,,0.05966572084834276,,0.018414492960041776,,0.7744738794486528,,-0.008749623410416517,,0.24005122082152916,,0.09765819631290483,,0.6263079222720478,
XGB,RUS,PLATT,0.6655665196795599,,0.1701883643826747,,0.06327126026235264,,0.009755553458076757,,0.9768696184234236,,0.05037067234594768,,0.2301735885580424,,0.047583457897359245,,0.6033881415047334,
XGB,RUS,ISO,0.665149665894541,,0.17016319012093312,,0.06340982117138172,,0.008785403725134075,,0.9419082982158489,,0.050106258604224074,,0.23025116324424744,,0.06900847035376183,,0.5889387144992526,
LGBM,RUS,UNCAL,0.6662779584384074,,0.22925126087625608,,-0.2618150803836228,,0.2343686826331129,,0.8222531239295685,,-1.1782531919838826,,0.47298478060006116,,0.6260587942202293,,0.9673642252117588,
LGBM,RUS,PRIOR,0.6662779584384074,,0.17019440731014354,,0.06323799956410969,,0.014848026820375072,,0.8224823876957531,,-0.005297615928292158,,0.2394908017018479,,0.0909317389138017,,0.6260587942202293,
LGBM,RUS,PLATT,0.6662779584384074,,0.16983267225187426,,0.06522901479291576,,0.008358807459456288,,1.0062259571042966,,0.04927096293764344,,0.2303413946536192,,0.045590433482810166,,0.6051320378674638,
LGBM,RUS,ISO,0.6652303290762158,,0.16994689306146563,,0.06460033541516608,,0.008608968577639613,,0.9615115292613207,,0.04921803920759295,,0.23037808539108343,,0.05455904334828102,,0.6073741903338316,
XGB,SMOTE,UNCAL,0.6708035383341316,,0.1694795651798498,,0.06717254097797376,,0.013454930133003244,,0.8465985827310953,,0.002398856517419463,,0.23822049796581268,,0.0916791230692576,,0.6268061783756851,
XGB,SMOTE,PRIOR,0.6708035383341316,,0.19209437770208898,,-0.05730097934875911,,0.14326912892845142,,0.8458274259075805,,1.1753544297689396,,0.09535920190957234,,0.0037369207772795215,,0.0916791230692576,
XGB,SMOTE,PLATT,0.6708035383341316,,0.16926574780516226,,0.06834940686214619,,0.009540662730023998,,0.9432499363946429,,0.047424198286950645,,0.23074313174077224,,0.0645241654210264,,0.6103637269556552,
XGB,SMOTE,ISO,0.6704976912474048,,0.1694161298519424,,0.06752169348896409,,0.009582533528576527,,0.8862800886897453,,0.04559633037872471,,0.23108328878879547,,0.08794220229197808,,0.5742401594419532,
LGBM,SMOTE,UNCAL,0.6680440289094354,,0.1700972800806388,,0.06377259467358265,,0.013405519887911435,,0.847155066993329,,-0.00424756262823008,,0.23931934769331592,,0.09068261086198307,,0.6198305929247633,
LGBM,SMOTE,PRIOR,0.6680440289094354,,0.19239466775419484,,-0.05895379693758307,,0.14296381787524973,,0.8470835395162102,,1.1687080134273602,,0.09579108119400122,,0.004235176880916791,,0.09068261086198307,
LGBM,SMOTE,PLATT,0.6680440289094354,,0.16982992168784034,,0.06524415409101292,,0.009758612702175578,,0.9672893697840415,,0.04933316960581473,,0.23038331519143992,,0.05954160438465371,,0.5949177877428998,
LGBM,SMOTE,ISO,0.6671239492973842,,0.16986140785897388,,0.0650708519882982,,0.009461756590033754,,0.937693523663392,,0.050055171533698886,,0.23028409532156638,,0.04210264075734928,,0.5617837568510214,
