Model,Strategy,Calibration,ΔBrier vs UNCAL (95% CI),ΔECE vs UNCAL (95% CI),ΔBrier vs NONE-UNCAL (95% CI)
LR,NONE,PRIOR,+0.0000 (+0.0000 to +0.0000),+0.000 (+0.000 to +0.000),+0.0000 (+0.0000 to +0.0000)
LR,NONE,PLATT,-0.0002 (-0.0003 to -0.0000),-0.004 (-0.007 to +0.003),-0.0002 (-0.0003 to -0.0000)
LR,NONE,ISO,-0.0001 (-0.0003 to +0.0002),-0.002 (-0.004 to +0.002),-0.0001 (-0.0003 to +0.0002)
LR,CSL,PRIOR,-0.0603 (-0.0636 to -0.0569),-0.229 (-0.237 to -0.219),+0.0001 (+0.0000 to +0.0002)
LR,CSL,PLATT,-0.0605 (-0.0639 to -0.0572),-0.236 (-0.240 to -0.223),-0.0001 (-0.0003 to +0.0001)
LR,CSL,ISO,-0.0605 (-0.0638 to -0.0571),-0.235 (-0.240 to -0.224),-0.0001 (-0.0003 to +0.0002)
LR,ROS,PRIOR,-0.0601 (-0.0634 to -0.0568),-0.231 (-0.237 to -0.219),+0.0003 (+0.0001 to +0.0005)
LR,ROS,PLATT,-0.0603 (-0.0637 to -0.0570),-0.236 (-0.240 to -0.223),+0.0001 (-0.0002 to +0.0003)
LR,ROS,ISO,-0.0602 (-0.0635 to -0.0569),-0.236 (-0.240 to -0.224),+0.0002 (-0.0001 to +0.0005)
LR,RUS,PRIOR,-0.0620 (-0.0653 to -0.0587),-0.227 (-0.233 to -0.218),+0.0009 (+0.0005 to +0.0013)
LR,RUS,PLATT,-0.0626 (-0.0661 to -0.0590),-0.238 (-0.243 to -0.226),+0.0003 (-0.0001 to +0.0006)
LR,RUS,ISO,-0.0625 (-0.0660 to -0.0590),-0.237 (-0.243 to -0.225),+0.0004 (-0.0001 to +0.0008)
LR,SMOTE,PRIOR,-0.0602 (-0.0636 to -0.0568),-0.215 (-0.221 to -0.205),+0.0022 (+0.0016 to +0.0028)
LR,SMOTE,PLATT,-0.0611 (-0.0647 to -0.0577),-0.232 (-0.236 to -0.221),+0.0012 (+0.0007 to +0.0018)
LR,SMOTE,ISO,-0.0611 (-0.0647 to -0.0577),-0.233 (-0.236 to -0.221),+0.0013 (+0.0007 to +0.0018)
RF,NONE,PRIOR,+0.0000 (+0.0000 to +0.0000),+0.000 (+0.000 to +0.000),+0.0000 (+0.0000 to +0.0000)
RF,NONE,PLATT,-0.0005 (-0.0009 to -0.0001),-0.012 (-0.017 to -0.002),-0.0005 (-0.0009 to -0.0001)
RF,NONE,ISO,-0.0000 (-0.0005 to +0.0005),-0.009 (-0.016 to +0.002),-0.0000 (-0.0005 to +0.0005)
RF,CSL,PRIOR,-0.0153 (-0.0183 to -0.0124),-0.077 (-0.090 to -0.064),+0.0061 (+0.0049 to +0.0072)
RF,CSL,PLATT,-0.0215 (-0.0234 to -0.0196),-0.139 (-0.146 to -0.128),-0.0002 (-0.0007 to +0.0003)
RF,CSL,ISO,-0.0212 (-0.0232 to -0.0194),-0.137 (-0.143 to -0.127),+0.0001 (-0.0005 to +0.0007)
RF,ROS,PRIOR,-0.0298 (-0.0331 to -0.0267),-0.132 (-0.146 to -0.120),+0.0025 (+0.0017 to +0.0033)
RF,ROS,PLATT,-0.0334 (-0.0358 to -0.0311),-0.176 (-0.182 to -0.164),-0.0011 (-0.0016 to -0.0005)
RF,ROS,ISO,-0.0331 (-0.0355 to -0.0308),-0.174 (-0.182 to -0.164),-0.0008 (-0.0014 to -0.0001)
RF,RUS,PRIOR,-0.0618 (-0.0653 to -0.0585),-0.231 (-0.241 to -0.221),+0.0004 (-0.0000 to +0.0007)
RF,RUS,PLATT,-0.0625 (-0.0658 to -0.0593),-0.243 (-0.249 to -0.232),-0.0002 (-0.0008 to +0.0003)
RF,RUS,ISO,-0.0620 (-0.0654 to -0.0588),-0.240 (-0.247 to -0.228),+0.0002 (-0.0005 to +0.0008)
RF,SMOTE,PRIOR,+0.0105 (+0.0079 to +0.0130),+0.044 (+0.030 to +0.056),+0.0160 (+0.0141 to +0.0178)
RF,SMOTE,PLATT,-0.0050 (-0.0059 to -0.0041),-0.066 (-0.069 to -0.054),+0.0006 (-0.0000 to +0.0012)
RF,SMOTE,ISO,-0.0046 (-0.0055 to -0.0037),-0.060 (-0.067 to -0.050),+0.0010 (+0.0003 to +0.0016)
HGB,NONE,PRIOR,+0.0000 (+0.0000 to +0.0000),+0.000 (+0.000 to +0.000),+0.0000 (+0.0000 to +0.0000)
HGB,NONE,PLATT,+0.0000 (-0.0000 to +0.0001),+0.000 (-0.003 to +0.004),+0.0000 (-0.0000 to +0.0001)
HGB,NONE,ISO,+0.0004 (+0.0002 to +0.0007),+0.002 (-0.003 to +0.006),+0.0004 (+0.0002 to +0.0007)
HGB,CSL,PRIOR,-0.0534 (-0.0568 to -0.0502),-0.216 (-0.226 to -0.203),+0.0003 (-0.0001 to +0.0007)
HGB,CSL,PLATT,-0.0535 (-0.0567 to -0.0504),-0.222 (-0.226 to -0.210),+0.0002 (-0.0002 to +0.0006)
HGB,CSL,ISO,-0.0530 (-0.0563 to -0.0500),-0.219 (-0.224 to -0.208),+0.0006 (+0.0002 to +0.0011)
HGB,ROS,PRIOR,-0.0437 (-0.0470 to -0.0406),-0.176 (-0.188 to -0.163),+0.0009 (+0.0002 to +0.0016)
HGB,ROS,PLATT,-0.0443 (-0.0474 to -0.0415),-0.197 (-0.200 to -0.185),+0.0003 (-0.0003 to +0.0009)
HGB,ROS,ISO,-0.0442 (-0.0473 to -0.0413),-0.194 (-0.200 to -0.184),+0.0005 (-0.0002 to +0.0011)
HGB,RUS,PRIOR,-0.0606 (-0.0641 to -0.0574),-0.238 (-0.242 to -0.227),+0.0006 (+0.0000 to +0.0011)
HGB,RUS,PLATT,-0.0606 (-0.0641 to -0.0574),-0.237 (-0.242 to -0.226),+0.0006 (+0.0000 to +0.0012)
HGB,RUS,ISO,-0.0604 (-0.0638 to -0.0571),-0.238 (-0.242 to -0.226),+0.0009 (+0.0002 to +0.0015)
HGB,SMOTE,PRIOR,+0.0219 (+0.0195 to +0.0241),+0.127 (+0.117 to +0.136),+0.0227 (+0.0205 to +0.0248)
HGB,SMOTE,PLATT,-0.0002 (-0.0003 to -0.0000),-0.003 (-0.006 to +0.002),+0.0007 (+0.0001 to +0.0013)
HGB,SMOTE,ISO,+0.0001 (-0.0002 to +0.0004),-0.006 (-0.009 to +0.001),+0.0009 (+0.0003 to +0.0016)
