Model,Strategy,Brier UNCAL,ECE UNCAL,Brier PRIOR,ECE PRIOR,Brier PLATT,ECE PLATT,Brier ISO,ECE ISO
LR,NONE,0.1693±0.0005,0.008±0.002,0.1693±0.0005,0.008±0.002,0.1692±0.0004,0.004±0.001,0.1694±0.0004,0.006±0.001
LR,CSL,0.2294±0.0013,0.240±0.002,0.1694±0.0005,0.008±0.003,0.1692±0.0004,0.004±0.001,0.1693±0.0004,0.006±0.001
LR,ROS,0.2295±0.0012,0.239±0.002,0.1696±0.0004,0.009±0.002,0.1695±0.0003,0.004±0.002,0.1696±0.0003,0.007±0.002
LR,RUS,0.2312±0.0012,0.242±0.002,0.1700±0.0006,0.012±0.003,0.1696±0.0005,0.005±0.001,0.1697±0.0005,0.006±0.001
LR,SMOTE,0.2311±0.0016,0.235±0.002,0.1715±0.0007,0.022±0.002,0.1707±0.0005,0.005±0.002,0.1709±0.0006,0.007±0.004
RF,NONE,0.1699±0.0003,0.018±0.002,0.1699±0.0003,0.018±0.002,0.1692±0.0004,0.005±0.001,0.1694±0.0006,0.008±0.002
RF,CSL,0.1908±0.0006,0.147±0.001,0.1759±0.0003,0.070±0.000,0.1692±0.0006,0.006±0.001,0.1695±0.0007,0.009±0.003
RF,ROS,0.2021±0.0005,0.182±0.000,0.1725±0.0002,0.049±0.001,0.1686±0.0005,0.006±0.002,0.1689±0.0005,0.007±0.002
RF,RUS,0.2320±0.0004,0.250±0.000,0.1703±0.0002,0.021±0.003,0.1694±0.0004,0.006±0.003,0.1697±0.0006,0.008±0.002
RF,SMOTE,0.1754±0.0002,0.070±0.002,0.1861±0.0003,0.113±0.001,0.1703±0.0003,0.005±0.001,0.1706±0.0004,0.008±0.002
HGB,NONE,0.1671±0.0004,0.006±0.002,0.1671±0.0004,0.006±0.002,0.1671±0.0004,0.006±0.002,0.1674±0.0005,0.008±0.002
HGB,CSL,0.2206±0.0013,0.226±0.003,0.1673±0.0005,0.011±0.001,0.1672±0.0005,0.006±0.002,0.1675±0.0006,0.008±0.001
HGB,ROS,0.2125±0.0006,0.202±0.001,0.1683±0.0004,0.024±0.001,0.1677±0.0003,0.005±0.001,0.1679±0.0005,0.006±0.002
HGB,RUS,0.2276±0.0009,0.241±0.001,0.1676±0.0005,0.005±0.001,0.1675±0.0005,0.004±0.001,0.1677±0.0006,0.005±0.002
HGB,SMOTE,0.1680±0.0008,0.012±0.003,0.1899±0.0004,0.140±0.000,0.1678±0.0007,0.007±0.002,0.1681±0.0008,0.008±0.003
