Model,Strategy,AUC (95% CI),Brier (95% CI),ECE (95% CI),Slope,Intercept,Mean p,O/E,Sens@0.5,Spec@0.5
LR,NONE,0.658 (0.648–0.669),0.1698 (0.1664–0.1731),0.010 (0.006–0.016),0.88,-0.01,0.236,1.00,0.065,0.981
LR,CSL,0.658 (0.648–0.669),0.2302 (0.2280–0.2324),0.241 (0.234–0.247),0.87,-1.18,0.476,0.49,0.603,0.628
LR,ROS,0.657 (0.647–0.667),0.2302 (0.2281–0.2324),0.240 (0.234–0.247),0.86,-1.18,0.475,0.50,0.597,0.625
LR,RUS,0.655 (0.645–0.665),0.2326 (0.2304–0.2349),0.243 (0.237–0.250),0.80,-1.20,0.478,0.49,0.598,0.616
LR,SMOTE,0.645 (0.635–0.655),0.2321 (0.2298–0.2346),0.236 (0.230–0.243),0.74,-1.18,0.472,0.50,0.592,0.613
RF,NONE,0.655 (0.645–0.665),0.1703 (0.1669–0.1735),0.018 (0.013–0.024),1.32,-0.01,0.238,0.99,0.013,0.998
RF,CSL,0.654 (0.644–0.663),0.1916 (0.1898–0.1934),0.147 (0.141–0.154),1.31,-0.73,0.382,0.62,0.226,0.903
RF,ROS,0.660 (0.651–0.670),0.2026 (0.2011–0.2041),0.183 (0.176–0.189),1.37,-0.88,0.418,0.56,0.348,0.833
RF,RUS,0.655 (0.645–0.665),0.2325 (0.2311–0.2339),0.250 (0.243–0.257),1.38,-1.16,0.485,0.49,0.597,0.623
RF,SMOTE,0.647 (0.637–0.657),0.1758 (0.1733–0.1783),0.069 (0.063–0.076),1.35,-0.36,0.305,0.77,0.047,0.986
HGB,NONE,0.673 (0.663–0.683),0.1676 (0.1642–0.1708),0.007 (0.004–0.014),1.02,0.00,0.235,1.00,0.066,0.983
HGB,CSL,0.672 (0.662–0.681),0.2213 (0.2192–0.2234),0.226 (0.220–0.233),0.98,-1.12,0.462,0.51,0.598,0.647
HGB,ROS,0.669 (0.659–0.679),0.2122 (0.2099–0.2144),0.201 (0.195–0.208),0.84,-1.03,0.436,0.54,0.539,0.696
HGB,RUS,0.668 (0.657–0.677),0.2288 (0.2268–0.2310),0.243 (0.237–0.249),1.00,-1.18,0.478,0.49,0.624,0.614
HGB,SMOTE,0.670 (0.660–0.680),0.1685 (0.1651–0.1716),0.012 (0.008–0.019),0.93,-0.04,0.242,0.97,0.082,0.976
