fold,model,strategy,n_train_fit,prev_train_fit,n_features,fit_seconds,platt_a,platt_b,prior_r
0,LR,NONE,50523,0.23543732557449082,522,13.1,-0.11251454114077669,0.9028654093642867,1.0
0,RF,NONE,50523,0.23543732557449082,522,9.8,0.40483562456790423,1.3781959033407587,1.0
0,HGB,NONE,50523,0.23543732557449082,522,9.0,0.046065386031694674,1.0440449049842988,1.0
0,LR,CSL,50523,0.23543732557449082,522,15.3,-1.174952782881636,0.892569088984265,0.30793724759241997
0,RF,CSL,50523,0.23543732557449082,522,9.6,-0.5702719623587407,1.3908700581789448,0.30793724759241997
0,HGB,CSL,50523,0.23543732557449082,522,11.7,-1.1175278164701699,1.012605167626041,0.30793724759241997
0,LR,ROS,77256,0.5,522,26.4,-1.1724113926190978,0.8859614618848459,0.30793724759241997
0,RF,ROS,77256,0.5,522,14.0,-0.7879974689191516,1.391825739760332,0.30793724759241997
0,HGB,ROS,77256,0.5,522,35.1,-1.035770435023984,0.857253033786908,0.30793724759241997
0,LR,RUS,23790,0.5,522,9.5,-1.1881318969803618,0.8344628470142013,0.30793724759241997
0,RF,RUS,23790,0.5,522,4.7,-1.1772858989030763,1.439957808010601,0.30793724759241997
0,HGB,RUS,23790,0.5,522,4.4,-1.185500454842701,1.009317368655365,0.30793724759241997
0,LR,SMOTE,77256,0.5,522,20.4,-1.1597855188700346,0.751840232651588,0.30793724759241997
0,RF,SMOTE,77256,0.5,522,14.3,-0.07855689437754639,1.3752306918399122,0.30793724759241997
0,HGB,SMOTE,77256,0.5,522,29.0,-0.09713370032794039,0.945771381329786,0.30793724759241997
1,LR,NONE,50523,0.23543732557449082,523,10.8,-0.1168170494817143,0.8916592709985616,1.0
1,RF,NONE,50523,0.23543732557449082,523,9.0,0.3021998713850237,1.2778445206092375,1.0
1,HGB,NONE,50523,0.23543732557449082,523,12.4,-0.003943813195177885,0.9885935177070604,1.0
1,LR,CSL,50523,0.23543732557449082,523,16.3,-1.1668050574972046,0.8866931993549186,0.30793724759241997
1,RF,CSL,50523,0.23543732557449082,523,9.5,-0.6045697543738654,1.2951903655442432,0.30793724759241997
1,HGB,CSL,50523,0.23543732557449082,523,10.5,-1.1150244912169425,1.0091977911970371,0.30793724759241997
1,LR,ROS,77256,0.5,523,22.3,-1.1661754416899972,0.8770876619603335,0.30793724759241997
1,RF,ROS,77256,0.5,523,14.1,-0.8059800296906864,1.3043983364530074,0.30793724759241997
1,HGB,ROS,77256,0.5,523,35.4,-1.03351152522958,0.8523972310681543,0.30793724759241997
1,LR,RUS,23790,0.5,523,8.5,-1.1706021000630287,0.836750576136925,0.30793724759241997
1,RF,RUS,23790,0.5,523,4.6,-1.1647855613101938,1.3776820287728344,0.30793724759241997
1,HGB,RUS,23790,0.5,523,4.2,-1.165267577000198,1.0307562678147733,0.30793724759241997
1,LR,SMOTE,77256,0.5,523,23.3,-1.15175451687959,0.7400539124759645,0.30793724759241997
1,RF,SMOTE,77256,0.5,523,15.4,-0.1119928585667754,1.330416063016446,0.30793724759241997
1,HGB,SMOTE,77256,0.5,523,39.4,-0.1400880893959589,0.8858894865785658,0.30793724759241997
2,LR,NONE,50522,0.23544198566960928,523,13.6,-0.050111803346845146,0.9567528006019531,1.0
2,RF,NONE,50522,0.23544198566960928,523,9.0,0.4138838329007673,1.3853377118696835,1.0
2,HGB,NONE,50522,0.23544198566960928,523,11.9,0.04658744177111496,1.0482399864988328,1.0
2,LR,CSL,50522,0.23544198566960928,523,16.2,-1.175794841144245,0.941498637374627,0.30794521966500116
2,RF,CSL,50522,0.23544198566960928,523,9.3,-0.5617147314989834,1.4242001678486689,0.30794521966500116
2,HGB,CSL,50522,0.23544198566960928,523,10.6,-1.1291983723191898,1.0520545862144446,0.30794521966500116
2,LR,ROS,77254,0.5,523,24.8,-1.1738500680184267,0.9303119976589072,0.30794521966500116
2,RF,ROS,77254,0.5,523,15.5,-0.786163754344828,1.4095542020162337,0.30794521966500116
2,HGB,ROS,77254,0.5,523,41.7,-1.0403495896608712,0.8781301435781956,0.30794521966500116
2,LR,RUS,23790,0.5,523,9.4,-1.186911422465315,0.8858221237023187,0.30794521966500116
2,RF,RUS,23790,0.5,523,4.4,-1.184120371666562,1.47033711920315,0.30794521966500116
2,HGB,RUS,23790,0.5,523,5.7,-1.1871658622686758,0.9675773637769254,0.30794521966500116
2,LR,SMOTE,77254,0.5,523,30.3,-1.1587285971225667,0.791918598264147,0.30794521966500116
2,RF,SMOTE,77254,0.5,523,16.7,-0.02190576058048075,1.4467061285086251,0.30794521966500116
2,HGB,SMOTE,77254,0.5,523,27.0,-0.08227711001268019,0.9673087763827871,0.30794521966500116
3,LR,NONE,50523,0.23543732557449082,524,11.3,-0.06413277744283641,0.9408170736977995,1.0
3,RF,NONE,50523,0.23543732557449082,524,9.6,0.500309576515339,1.4509862997210015,1.0
3,HGB,NONE,50523,0.23543732557449082,524,11.2,0.08361057515722942,1.0696544525425822,1.0
3,LR,CSL,50523,0.23543732557449082,524,16.3,-1.1712407845554091,0.9246815301023056,0.30793724759241997
3,RF,CSL,50523,0.23543732557449082,524,9.2,-0.5278345450842605,1.4687240264646415,0.30793724759241997
3,HGB,CSL,50523,0.23543732557449082,524,11.5,-1.1137760557426728,1.0550347261720994,0.30793724759241997
3,LR,ROS,77256,0.5,524,18.6,-1.1688555478056581,0.9160809341659858,0.30793724759241997
3,RF,ROS,77256,0.5,524,17.5,-0.7533087783210546,1.4809633101060562,0.30793724759241997
3,HGB,ROS,77256,0.5,524,36.0,-1.0318622916335307,0.8824112902710081,0.30793724759241997
3,LR,RUS,23790,0.5,524,8.4,-1.1794787677527214,0.8804145525289757,0.30793724759241997
3,RF,RUS,23790,0.5,524,4.3,-1.171326540560603,1.5172509010736879,0.30793724759241997
3,HGB,RUS,23790,0.5,524,4.2,-1.178055724268856,1.1206400711723672,0.30793724759241997
3,LR,SMOTE,77256,0.5,524,28.0,-1.1526389216089141,0.7593804155831178,0.30793724759241997
3,RF,SMOTE,77256,0.5,524,15.9,0.009779066319818591,1.4853909579912672,0.30793724759241997
3,HGB,SMOTE,77256,0.5,524,40.9,-0.10597957679350317,0.9174161600057392,0.30793724759241997
4,LR,NONE,50524,0.23543266566384294,522,12.9,-0.12683489412283294,0.8811136964835821,1.0
4,RF,NONE,50524,0.23543266566384294,522,9.2,0.3392131277952741,1.3090274539487856,1.0
4,HGB,NONE,50524,0.23543266566384294,522,13.3,-0.002779909477933386,0.9872995993926573,1.0
4,LR,CSL,50524,0.23543266566384294,522,19.2,-1.1642643341462346,0.8669540415088702,0.3079292759325895
4,RF,CSL,50524,0.23543266566384294,522,9.0,-0.586133711779685,1.3380582370220246,0.3079292759325895
4,HGB,CSL,50524,0.23543266566384294,522,14.1,-1.0987992976642638,0.9757780205744251,0.3079292759325895
4,LR,ROS,77258,0.5,522,22.6,-1.1640937349257883,0.8621040578258347,0.3079292759325895
4,RF,ROS,77258,0.5,522,15.1,-0.7947076175737017,1.3536501792721574,0.3079292759325895
4,HGB,ROS,77258,0.5,522,35.9,-1.036136859407846,0.8569529192596875,0.3079292759325895
4,LR,RUS,23790,0.5,522,9.6,-1.1704700644253603,0.8284070094032404,0.3079292759325895
4,RF,RUS,23790,0.5,522,5.3,-1.169313017820437,1.3914777385826111,0.3079292759325895
4,HGB,RUS,23790,0.5,522,5.2,-1.1702550125548894,1.0409421956703024,0.3079292759325895
4,LR,SMOTE,77258,0.5,522,23.5,-1.1508066636166738,0.7424511854812571,0.3079292759325895
4,RF,SMOTE,77258,0.5,522,15.3,-0.10029338551236973,1.3422878926131934,0.3079292759325895
4,HGB,SMOTE,77258,0.5,522,33.4,-0.11842054685093419,0.9123686545107722,0.3079292759325895
